Date;Begin;;Maximum;;End;;Duration;Definition;Transmitter
;Time [UT];Qualifier;Time [UT];Qualifier;Time [UT];Qualifier;;;
2016-09-22;11:45;;11:57;;12:24;;39m;3;DHO 23.4
2016-09-22;11:45;;11:57;;12:24;;39m;3;GQD 22.1
2016-08-30;14:12;;14:27;;14:49;;37m;5;GQD 22.1
2016-08-19;12:18;;12:35;;13:10;;52m;5;DHO 23.4
2016-08-19;11:02;;11:16;;11:54;;52m;5;DHO 23.4
2016-08-19;09:48;;10:06;;10:43;;55m;5;DHO 23.4
2016-08-19;09:00;;09:15;;09:29;;29m;4;DHO 23.4
2016-08-09;08:53;;08:57;;09:19;;26m;5;GQD 22.1
2016-08-08;10:39;;10:48;;11:31;;52m;5;DHO 23.4
2016-08-08;09:13;;09:23;;09:54;;41m;5;DHO 23.4
2016-08-08;08:40;;08:57;;09:13;D;33m;5;DHO 23.4
2016-08-08;10:39;;10:48;;11:31;;52m;5;GQD 22.1
2016-08-08;09:13;;09:23;;09:54;;41m;5;GQD 22.1
2016-08-08;08:40;;08:57;;09:13;D;33m;5;GQD 22.1
2016-08-07;15:02;;15:12;;15:58;;56m;5;DHO 23.4
2016-08-07;14:38;;14:46;;15:02;D;24m;5;DHO 23.4
2016-08-07;13:33;;13:41;;14:13;;40m;5;DHO 23.4
2016-08-07;10:22;;10:26;;10:50;;28m;4;DHO 23.4
2016-08-07;15:02;;15:12;;15:58;;56m;5;GQD 22.1
2016-08-07;14:38;;14:46;;15:02;D;24m;5;GQD 22.1
2016-08-07;13:33;;13:41;;14:13;;40m;5;GQD 22.1
2016-08-07;10:22;;10:26;;10:50;;28m;4;GQD 22.1
2016-08-05;10:10;;10:17;;10:40;;30m;4;GQD 22.1
2016-08-04;16:59;;17:06;;17:58;;59m;5;DHO 23.4
2016-07-25;09:02;;09:09;;09:40;D;38m;5;DHO 23.4
2016-07-25;10:12;;10:35;;11:16;;1h 4m;3;GQD 22.1
2016-07-25;09:40;;09:45;;09:59;;19m;3;GQD 22.1
2016-07-25;09:02;;09:09;;09:40;D;38m;5;GQD 22.1
2016-07-24;13:52;;14:04;;14:46;;54m;5;DHO 23.4
2016-07-24;13:35;;13:43;;13:52;D;17m;3;DHO 23.4
2016-07-24;13:18;;13:24;;13:35;;17m;3;DHO 23.4
2016-07-24;12:55;;13:02;;13:18;D;23m;3;DHO 23.4
2016-07-24;12:21;;12:32;;12:55;D;34m;3;DHO 23.4
2016-07-24;11:52;;12:03;;12:21;D;29m;3;DHO 23.4
2016-07-24;06:12;;06:21;;07:42;;1h 30m;5;DHO 23.4
2016-07-24;17:33;;17:44;;18:30;;57m;4;GQD 22.1
2016-07-24;16:32;;16:49;;16:56;;24m;3;GQD 22.1
2016-07-24;15:20;;15:33;;16:06;;46m;3;GQD 22.1
2016-07-24;14:58;;15:02;;15:20;D;22m;3;GQD 22.1
2016-07-24;13:52;;14:04;;14:46;;54m;5;GQD 22.1
2016-07-24;13:35;;13:43;;13:52;D;17m;3;GQD 22.1
2016-07-24;13:18;;13:24;;13:35;;17m;3;GQD 22.1
2016-07-24;12:55;;13:02;;13:18;D;23m;3;GQD 22.1
2016-07-24;12:21;;12:32;;12:55;D;34m;3;GQD 22.1
2016-07-24;11:52;;12:03;;12:21;D;29m;3;GQD 22.1
2016-07-24;06:12;;06:21;;07:42;;1h 30m;5;GQD 22.1
2016-07-24;17:33;;17:44;;18:30;;57m;4;ICV 20.3
2016-07-24;13:52;;14:04;;14:46;;54m;5;ICV 20.3
2016-07-24;13:35;;13:43;;13:52;D;17m;3;ICV 20.3
2016-07-24;13:18;;13:24;;13:35;;17m;3;ICV 20.3
2016-07-24;12:55;;13:02;;13:18;D;23m;3;ICV 20.3
2016-07-24;12:21;;12:32;;12:55;D;34m;3;ICV 20.3
2016-07-24;11:52;;12:03;;12:21;D;29m;3;ICV 20.3
2016-07-24;06:12;;06:21;;07:42;;1h 30m;5;ICV 20.3
2016-07-23;05:09;;05:20;;07:01;;1h 52m;5;DHO 23.4
2016-07-23;05:09;;05:20;;07:01;;1h 52m;5;GQD 22.1
2016-07-23;05:09;;05:20;;07:01;;1h 52m;5;ICV 20.3
2016-07-22;06:46;;06:52;;08:07;;1h 21m;5;DHO 23.4
2016-07-22;08:40;;08:51;;09:32;;52m;5;GQD 22.1
2016-07-22;06:46;;06:52;;08:07;;1h 21m;5;GQD 22.1
2016-07-22;08:40;;08:51;;09:32;;52m;5;ICV 20.3
2016-07-22;06:46;;06:52;;08:07;;1h 21m;5;ICV 20.3
2016-07-21;12:49;;12:57;;14:28;;1h 39m;5;DHO 23.4
2016-07-21;11:19;;11:20;;12:15;;56m;5;DHO 23.4
2016-07-21;12:49;;12:57;;14:28;;1h 39m;5;GQD 22.1
2016-07-21;11:19;;11:20;;12:15;;56m;5;GQD 22.1
2016-07-18;08:14;;08:25;;09:21;;1h 7m;5;DHO 23.4
2016-07-18;08:14;;08:25;;09:21;;1h 7m;5;GQD 22.1
2016-07-18;08:14;;08:25;;09:21;;1h 7m;5;ICV 20.3
2016-07-16;07:00;;07:07;;08:09;;1h 9m;5;GQD 22.1
2016-07-16;07:00;;07:07;;08:09;;1h 9m;5;ICV 20.3
2016-07-07;07:54;;08:03;;08:59;;1h 5m;4;DHO 23.4
2016-07-07;07:54;;08:03;;08:59;;1h 5m;4;GQD 22.1
2016-07-07;07:54;;08:03;;08:59;;1h 5m;4;ICV 20.3
2016-07-05;10:30;;10:47;;11:16;;46m;3;DHO 23.4
2016-07-04;15:43;;15:51;;16:11;;28m;5;DHO 23.4
2016-07-04;15:43;;15:51;;16:11;;28m;5;GQD 22.1
2016-07-04;15:43;;15:51;;16:11;;28m;5;ICV 20.3
2016-06-19;11:45;;12:02;;12:27;;42m;4;DHO 23.4
2016-06-19;11:45;;12:02;;12:27;;42m;4;GQD 22.1
2016-05-15;08:13;;08:31;;08:53;;40m;5;DHO 23.4
2016-05-15;08:13;;08:31;;08:53;;40m;5;GQD 22.1
2016-05-15;08:13;;08:31;;08:53;;40m;5;ICV 20.3
2016-05-14;15:17;;15:24;;16:07;;50m;5;DHO 23.4
2016-05-14;11:29;;11:35;;12:56;;1h 27m;5;DHO 23.4
2016-05-14;09:26;;09:34;;10:14;;48m;5;DHO 23.4
2016-05-14;15:17;;15:24;;16:07;;50m;5;GQD 22.1
2016-05-14;11:29;;11:35;;12:56;;1h 27m;5;GQD 22.1
2016-05-14;09:26;;09:34;;10:14;;48m;5;GQD 22.1
2016-05-14;15:17;;15:24;;16:07;;50m;5;ICV 20.3
2016-05-07;11:09;;11:13;;11:48;;39m;5;DHO 23.4
2016-05-07;11:09;;11:13;;11:48;;39m;5;GQD 22.1
2016-05-02;08:33;;08:45;;09:13;;40m;5;DHO 23.4
2016-05-02;08:33;;08:45;;09:13;;40m;5;GQD 22.1
2016-05-02;08:33;;08:45;;09:13;;40m;5;ICV 20.3
2016-05-01;09:19;;09:23;;09:37;;18m;4;DHO 23.4
2016-05-01;09:19;;09:23;;09:37;;18m;4;GQD 22.1
2016-04-28;12:48;;12:52;;13:16;;28m;4;DHO 23.4
2016-04-28;12:48;;12:52;;13:16;;28m;4;GQD 22.1
2016-04-28;12:48;;12:52;;13:16;;28m;4;ICV 20.3
2016-04-15;14:22;;14:33;;15:19;;57m;5;DHO 23.4
2016-04-15;14:22;;14:33;;15:19;;57m;5;GQD 22.1
2016-04-15;14:22;;14:33;;15:19;;57m;5;ICV 20.3
2016-04-14;13:24;;13:31;;14:02;;38m;5;DHO 23.4
2016-04-14;13:24;;13:31;;14:02;;38m;5;GQD 22.1
2016-04-14;13:24;;13:31;;14:02;;38m;5;ICV 20.3
2016-04-09;12:32;;13:30;;14:39;;2h 7m;5;DHO 23.4
2016-04-09;10:37;;10:40;;10:53;;16m;3;DHO 23.4
2016-04-09;12:32;;13:30;;14:39;;2h 7m;5;GQD 22.1
2016-04-09;10:37;;10:40;;10:53;;16m;3;GQD 22.1
2016-04-09;12:32;;13:30;;14:39;;2h 7m;5;ICV 20.3
2016-04-09;10:37;;10:40;;10:53;;16m;3;ICV 20.3
2016-04-06;10:00;;10:10;;10:45;;45m;5;DHO 23.4
2016-04-06;10:00;;10:10;;10:45;;45m;5;GQD 22.1
2016-04-06;10:00;;10:10;;10:45;;45m;5;ICV 20.3
2016-03-13;12:40;;12:52;;13:20;;40m;5;DHO 23.4
2016-03-13;12:40;;12:52;;13:20;;40m;5;GQD 22.1
2016-03-13;12:40;;12:52;;13:20;;40m;5;ICV 20.3
2016-03-12;13:04;;13:09;;13:27;;23m;5;DHO 23.4
2016-03-12;13:04;;13:09;;13:27;;23m;5;GQD 22.1
2016-03-12;13:04;;13:09;;13:27;;23m;5;ICV 20.3
2016-02-19;08:50;;09:01;;09:23;;33m;3;GQD 22.1
2016-02-19;08:50;;09:01;;09:23;;33m;3;ICV 20.3
2016-02-17;09:44;;10:03;;10:21;;37m;4;DHO 23.4
2016-02-17;09:44;;10:03;;10:21;;37m;4;GQD 22.1
2016-02-17;09:44;;10:03;;10:21;;37m;4;ICV 20.3
2016-02-16;15:41;;15:54;;16:16;;35m;3;DHO 23.4
2016-02-16;15:41;;15:54;;16:16;;35m;3;GQD 22.1
2016-02-16;15:41;;15:54;;16:16;;35m;3;ICV 20.3
2016-02-16;10:01;;10:08;;10:26;;25m;5;ICV 20.3
2016-02-15;16:22;;16:30;;16:48;;26m;5;DHO 23.4
2016-02-15;10:54;;11:01;;12:01;;1h 7m;5;DHO 23.4
2016-02-15;10:40;;10:48;;10:54;D;14m;4;DHO 23.4
2016-02-15;14:34;;14:48;;15:16;;42m;4;GQD 22.1
2016-02-15;10:54;;11:01;;12:01;;1h 7m;5;GQD 22.1
2016-02-15;10:40;;10:48;;10:54;D;14m;4;GQD 22.1
2016-02-15;09:28;;09:36;;09:50;;22m;4;GQD 22.1
2016-02-15;16:22;;16:30;;16:48;;26m;5;ICV 20.3
2016-02-15;14:34;;14:48;;15:16;;42m;4;ICV 20.3
2016-02-15;10:54;;11:01;;12:01;;1h 7m;5;ICV 20.3
2016-02-14;10:15;;10:30;;11:12;;57m;5;DHO 23.4
2016-02-14;12:19;;12:23;;12:31;;12m;3;GQD 22.1
2016-02-14;11:52;;12:02;;12:12;;20m;3;GQD 22.1
2016-02-14;10:15;;10:30;;11:12;;57m;5;GQD 22.1
2016-02-14;10:15;;10:30;;11:12;;57m;5;ICV 20.3
2016-02-13;15:20;;15:25;;15:41;;21m;4;DHO 23.4
2016-02-13;10:05;;10:09;;10:33;;28m;5;DHO 23.4
2016-02-13;15:20;;15:25;;15:41;;21m;4;GQD 22.1
2016-02-13;10:05;;10:09;;10:33;;28m;5;GQD 22.1
2016-02-13;15:20;;15:25;;15:41;;21m;4;ICV 20.3
2016-02-13;10:05;;10:09;;10:33;;28m;5;ICV 20.3
2016-02-12;10:39;;10:48;;11:45;;1h 6m;5;DHO 23.4
2016-02-12;10:39;;10:48;;11:45;;1h 6m;5;GQD 22.1
2016-02-12;10:39;;10:48;;11:45;;1h 6m;5;ICV 20.3
2016-02-07;11:43;;12:12;;12:41;;58m;4;DHO 23.4
2016-02-07;11:43;;12:12;;12:41;;58m;4;GQD 22.1
2016-02-07;10:19;;10:36;;10:57;;38m;3;GQD 22.1
2016-02-07;11:43;;12:12;;12:41;;58m;4;ICV 20.3
2015-12-31;10:00;;11:01;;12:18;;2h 18m;3;GQD 22.1
2015-12-29;10:22;;10:32;;10:54;;32m;4;GQD 22.1
2015-12-28;11:31;;12:22;;13:46;;2h 15m;4;GQD 22.1
2015-12-22;13:27;;13:36;;14:08;;41m;4;GQD 22.1
2015-12-22;13:27;;13:36;;14:08;;41m;4;ICV 20.3
2015-12-21;10:11;;10:20;;10:46;;35m;5;DHO 23.4
2015-12-21;10:11;;10:20;;10:46;;35m;5;GQD 22.1
2015-12-13;10:13;;10:32;;11:34;;1h 21m;5;DHO 23.4
2015-12-13;10:13;;10:32;;11:34;;1h 21m;5;GQD 22.1
2015-12-13;10:13;;10:32;;11:34;;1h 21m;5;ICV 20.3
2015-12-12;13:37;;13:45;;14:15;;38m;5;DHO 23.4
2015-12-12;11:40;;11:45;;12:01;;21m;4;DHO 23.4
2015-12-12;13:37;;13:45;;14:15;;38m;5;GQD 22.1
2015-12-12;11:40;;11:45;;12:01;;21m;4;GQD 22.1
2015-12-12;13:37;;13:45;;14:15;;38m;5;ICV 20.3
2015-11-26;12:21;;12:25;;12:37;;16m;3;GQD 22.1
2015-11-26;12:21;;12:25;;12:37;;16m;3;ICV 20.3
2015-11-24;11:46;;11:53;;12:07;;21m;3;GQD 22.1
2015-11-24;11:02;;11:09;;11:18;;16m;3;GQD 22.1
2015-11-23;13:34;;13:41;;13:53;;19m;3;GQD 22.1
2015-11-23;13:25;;13:31;;13:34;D;9m;3;GQD 22.1
2015-11-23;13:11;;13:19;;13:25;D;14m;3;GQD 22.1
2015-11-21;13:47;;13:52;;14:12;;25m;3;GQD 22.1
2015-11-21;13:47;;13:52;;14:12;;25m;3;ICV 20.3
2015-11-10;14:01;;14:12;;14:30;;29m;4;GQD 22.1
2015-11-10;14:01;;14:12;;14:30;;29m;4;ICV 20.3
2015-11-09;12:53;;13:12;;14:01;;1h 8m;5;DHO 23.4
2015-11-09;12:53;;13:12;;14:01;;1h 8m;5;GQD 22.1
2015-11-09;12:53;;13:12;;14:01;;1h 8m;5;ICV 20.3
2015-11-04;13:35;;13:48;;15:11;;1h 36m;5;DHO 23.4
2015-11-04;11:57;;12:04;;13:22;;1h 25m;5;DHO 23.4
2015-11-04;08:54;;09:00;;09:21;;27m;5;DHO 23.4
2015-11-04;13:35;;13:48;;15:11;;1h 36m;5;GQD 22.1
2015-11-04;11:57;;12:04;;13:22;;1h 25m;5;GQD 22.1
2015-11-04;08:54;;09:00;;09:21;;27m;5;GQD 22.1
2015-11-04;13:35;;13:48;;15:11;;1h 36m;5;ICV 20.3
2015-11-04;11:57;;12:04;;13:22;;1h 25m;5;ICV 20.3
2015-11-04;08:54;;09:00;;09:21;;27m;5;ICV 20.3
2015-11-02;09:52;;10:04;;10:53;;1h 1m;5;DHO 23.4
2015-11-02;09:52;;10:04;;10:53;;1h 1m;5;GQD 22.1
2015-10-30;09:53;;10:10;;11:08;;1h 15m;5;DHO 23.4
2015-10-30;08:36;;08:43;;09:07;;31m;5;DHO 23.4
2015-10-30;14:13;;14:25;;14:48;;35m;5;GQD 22.1
2015-10-30;09:53;;10:10;;11:08;;1h 15m;5;GQD 22.1
2015-10-30;08:36;;08:43;;09:07;;31m;5;GQD 22.1
2015-10-30;14:13;;14:25;;14:48;;35m;5;ICV 20.3
2015-10-30;09:53;;10:10;;11:08;;1h 15m;5;ICV 20.3
2015-10-30;08:36;;08:43;;09:07;;31m;5;ICV 20.3
2015-10-28;09:33;;09:37;;09:49;;16m;4;DHO 23.4
2015-10-28;09:33;;09:37;;09:49;;16m;4;GQD 22.1
2015-10-28;09:33;;09:37;;09:49;;16m;4;ICV 20.3
2015-10-16;13:40;;13:44;;14:03;;23m;5;DHO 23.4
2015-10-16;12:57;;13:07;;13:40;D;43m;5;DHO 23.4
2015-10-16;10:18;;10:21;;10:49;;31m;5;DHO 23.4
2015-10-16;09:01;;09:04;;09:32;;31m;5;DHO 23.4
2015-10-16;13:40;;13:44;;14:03;;23m;5;GQD 22.1
2015-10-16;12:57;;13:07;;13:40;D;43m;5;GQD 22.1
2015-10-16;10:18;;10:21;;10:49;;31m;5;GQD 22.1
2015-10-16;09:01;;09:04;;09:32;;31m;5;GQD 22.1
2015-10-16;13:40;;13:44;;14:03;;23m;5;ICV 20.3
2015-10-16;12:57;;13:07;;13:40;D;43m;5;ICV 20.3
2015-10-16;10:18;;10:21;;10:49;;31m;5;ICV 20.3
2015-10-16;09:01;;09:04;;09:32;;31m;5;ICV 20.3
2015-10-15;13:45;;13:52;;14:22;;37m;4;DHO 23.4
2015-10-15;10:45;;10:52;;11:31;;46m;5;DHO 23.4
2015-10-15;13:45;;13:52;;14:22;;37m;4;GQD 22.1
2015-10-15;10:45;;10:52;;11:31;;46m;5;GQD 22.1
2015-10-15;13:45;;13:52;;14:22;;37m;4;ICV 20.3
2015-10-15;10:45;;10:52;;11:31;;46m;5;ICV 20.3
2015-10-14;13:25;;13:32;;14:01;;36m;4;DHO 23.4
2015-10-14;13:25;;13:32;;14:01;;36m;4;GQD 22.1
2015-10-14;13:25;;13:32;;14:01;;36m;4;ICV 20.3
2015-10-13;14:08;;14:12;;15:30;;1h 22m;5;DHO 23.4
2015-10-13;14:08;;14:12;;15:30;;1h 22m;5;GQD 22.1
2015-10-13;14:08;;14:12;;15:30;;1h 22m;5;ICV 20.3
2015-10-03;13:04;;13:09;;13:28;;24m;5;DHO 23.4
2015-10-03;11:33;;11:42;;12:19;;46m;5;DHO 23.4
2015-10-03;13:04;;13:09;;13:28;;24m;5;GQD 22.1
2015-10-03;11:33;;11:42;;12:19;;46m;5;GQD 22.1
2015-10-03;10:29;;10:36;;11:02;;33m;4;GQD 22.1
2015-10-02;15:27;;15:35;;16:19;;52m;5;DHO 23.4
2015-10-02;12:20;;12:29;;13:22;;1h 2m;5;DHO 23.4
2015-10-02;11:40;;11:48;;12:20;D;40m;5;DHO 23.4
2015-10-02;08:31;;08:43;;09:37;;1h 6m;5;DHO 23.4
2015-10-02;15:27;;15:35;;16:19;;52m;5;GQD 22.1
2015-10-02;12:20;;12:29;;13:22;;1h 2m;5;GQD 22.1
2015-10-02;11:40;;11:48;;12:20;D;40m;5;GQD 22.1
2015-10-02;08:31;;08:43;;09:37;;1h 6m;5;GQD 22.1
2015-10-01;13:04;;13:12;;14:46;;1h 42m;5;DHO 23.4
2015-10-01;09:20;;09:37;;10:49;;1h 29m;5;DHO 23.4
2015-10-01;13:04;;13:12;;14:46;;1h 42m;5;GQD 22.1
2015-10-01;09:20;;09:37;;10:49;;1h 29m;5;GQD 22.1
2015-09-30;13:19;;13:22;;14:11;;52m;5;DHO 23.4
2015-09-30;10:50;;10:58;;13:05;;2h 15m;5;DHO 23.4
2015-09-30;13:19;;13:22;;14:11;;52m;5;GQD 22.1
2015-09-30;10:50;;10:58;;13:05;;2h 15m;5;GQD 22.1
2015-09-29;12:55;;13:07;;14:02;;1h 7m;5;DHO 23.4
2015-09-29;11:09;;11:19;;12:43;;1h 34m;5;DHO 23.4
2015-09-29;10:05;;10:15;;10:31;;26m;3;DHO 23.4
2015-09-29;08:47;;08:52;;09:59;;1h 12m;5;DHO 23.4
2015-09-29;12:55;;13:07;;14:02;;1h 7m;5;GQD 22.1
2015-09-29;11:09;;11:19;;12:43;;1h 34m;5;GQD 22.1
2015-09-29;10:05;;10:15;;10:31;;26m;3;GQD 22.1
2015-09-29;08:47;;08:52;;09:59;;1h 12m;5;GQD 22.1
2015-09-29;07:57;;08:10;;08:30;;33m;3;GQD 22.1
2015-09-28;14:54;;14:59;;16:07;;1h 13m;5;DHO 23.4
2015-09-28;13:02;;13:20;;14:29;;1h 27m;5;DHO 23.4
2015-09-28;12:29;;12:39;;13:02;D;33m;5;DHO 23.4
2015-09-28;11:23;;11:36;;12:29;D;1h 6m;5;DHO 23.4
2015-09-28;08:41;;09:03;;09:51;;1h 10m;5;DHO 23.4
2015-09-28;14:54;;14:59;;16:07;;1h 13m;5;GQD 22.1
2015-09-28;13:02;;13:20;;14:29;;1h 27m;5;GQD 22.1
2015-09-28;12:29;;12:39;;13:02;D;33m;5;GQD 22.1
2015-09-28;11:23;;11:36;;12:29;D;1h 6m;5;GQD 22.1
2015-09-28;08:41;;09:03;;09:51;;1h 10m;5;GQD 22.1
2015-09-28;07:25;;07:38;;08:39;;1h 14m;5;GQD 22.1
2015-09-27;13:39;;13:49;;14:17;;38m;3;DHO 23.4
2015-09-27;12:47;;12:58;;13:25;;38m;4;DHO 23.4
2015-09-27;12:22;;12:27;;12:42;;20m;3;DHO 23.4
2015-09-27;10:32;;10:44;;12:20;;1h 48m;5;DHO 23.4
2015-09-27;15:33;;15:39;;16:12;;39m;3;GQD 22.1
2015-09-27;13:39;;13:49;;14:17;;38m;3;GQD 22.1
2015-09-27;12:47;;12:58;;13:25;;38m;4;GQD 22.1
2015-09-27;12:22;;12:27;;12:42;;20m;3;GQD 22.1
2015-09-27;10:32;;10:44;;12:20;;1h 48m;5;GQD 22.1
2015-09-20;09:33;;09:36;;10:17;;44m;4;DHO 23.4
2015-09-20;09:33;;09:36;;10:17;;44m;4;GQD 22.1
2015-09-17;09:30;;09:42;;10:58;;1h 28m;5;DHO 23.4
2015-09-17;09:30;;09:42;;10:58;;1h 28m;5;GBZ 19.6
2015-09-17;13:12;;13:35;;14:03;;51m;3;ICV 20.3
2015-09-17;09:30;;09:42;;10:58;;1h 28m;5;ICV 20.3
2015-09-16;12:43;;12:55;;13:21;;38m;3;DHO 23.4
2015-09-09;11:33;;11:40;;12:17;;44m;4;GQD 22.1
2015-08-28;13:06;;13:15;;15:04;;1h 58m;5;DHO 23.4
2015-08-28;12:46;;12:56;;13:06;D;20m;5;DHO 23.4
2015-08-28;11:25;;11:47;;12:46;D;1h 21m;5;DHO 23.4
2015-08-28;08:14;;08:25;;09:32;;1h 18m;5;DHO 23.4
2015-08-28;13:06;;13:15;;15:04;;1h 58m;5;GQD 22.1
2015-08-28;12:46;;12:56;;13:06;D;20m;5;GQD 22.1
2015-08-28;11:25;;11:47;;12:46;D;1h 21m;5;GQD 22.1
2015-08-28;08:14;;08:25;;09:32;;1h 18m;5;GQD 22.1
2015-08-26;13:42;;13:55;;15:01;;1h 19m;5;DHO 23.4
2015-08-26;13:42;;13:55;;15:01;;1h 19m;5;GQD 22.1
2015-08-25;11:57;;12:02;;12:29;;32m;5;DHO 23.4
2015-08-25;10:28;;10:47;;11:20;;52m;5;DHO 23.4
2015-08-25;11:57;;12:02;;12:29;;32m;5;GQD 22.1
2015-08-25;10:28;;10:47;;11:20;;52m;5;GQD 22.1
2015-08-24;15:11;;15:17;;16:08;;57m;5;DHO 23.4
2015-08-24;13:56;;14:01;;14:33;;37m;3;DHO 23.4
2015-08-24;13:21;;13:30;;13:44;;23m;4;DHO 23.4
2015-08-24;12:04;;12:14;;12:48;;44m;5;DHO 23.4
2015-08-24;09:54;;10:03;;10:34;;40m;4;DHO 23.4
2015-08-24;07:26;;07:36;;09:14;;1h 48m;5;GBZ 19.6
2015-08-24;15:11;;15:17;;16:08;;57m;5;GQD 22.1
2015-08-24;13:56;;14:01;;14:33;;37m;3;GQD 22.1
2015-08-24;13:21;;13:30;;13:44;;23m;4;GQD 22.1
2015-08-24;12:04;;12:14;;12:48;;44m;5;GQD 22.1
2015-08-24;09:54;;10:03;;10:34;;40m;4;GQD 22.1
2015-08-24;07:26;;07:36;;09:14;;1h 48m;5;GQD 22.1
2015-08-24;07:08;;07:17;;07:26;D;18m;5;GQD 22.1
2015-08-23;11:18;;11:28;;11:58;;40m;5;DHO 23.4
2015-08-23;08:58;;09:03;;09:38;;40m;5;DHO 23.4
2015-08-23;11:18;;11:28;;11:58;;40m;5;GQD 22.1
2015-08-23;08:58;;09:03;;09:38;;40m;5;GQD 22.1
2015-08-23;07:03;;07:17;;07:59;;56m;5;GQD 22.1
2015-08-22;13:20;;13:30;;15:22;;2h 2m;5;DHO 23.4
2015-08-22;11:15;;11:32;;12:47;;1h 32m;5;DHO 23.4
2015-08-22;10:23;;10:28;;11:14;;51m;5;DHO 23.4
2015-08-22;09:08;;09:26;;10:23;;1h 15m;5;DHO 23.4
2015-08-22;08:36;;08:48;;09:08;D;32m;5;DHO 23.4
2015-08-22;06:31;;06:58;;08:17;;1h 46m;5;DHO 23.4
2015-08-22;13:20;;13:30;;15:22;;2h 2m;5;GQD 22.1
2015-08-22;11:15;;11:32;;12:47;;1h 32m;5;GQD 22.1
2015-08-22;10:23;;10:28;;11:14;;51m;5;GQD 22.1
2015-08-22;09:08;;09:26;;10:23;;1h 15m;5;GQD 22.1
2015-08-22;08:36;;08:48;;09:08;D;32m;5;GQD 22.1
2015-08-22;06:31;;06:58;;08:17;;1h 46m;5;GQD 22.1
2015-08-21;09:38;;09:51;;11:23;;1h 45m;5;DHO 23.4
2015-08-21;09:38;;09:51;;11:23;;1h 45m;5;GQD 22.1
2015-08-13;13:13;;13:33;;13:56;;43m;3;DHO 23.4
2015-08-09;07:34;;07:52;;09:07;;1h 33m;5;GQD 22.1
2015-08-08;08:59;;09:13;;09:47;;48m;5;DHO 23.4
2015-08-08;14:29;;14:40;;15:12;;43m;4;GQD 22.1
2015-08-08;08:59;;09:13;;09:47;;48m;5;GQD 22.1
2015-07-06;11:35;;11:45;;12:37;;1h 2m;5;DHO 23.4
2015-07-06;08:28;;08:51;;10:08;;1h 40m;5;DHO 23.4
2015-07-06;11:35;;11:45;;12:37;;1h 2m;5;GQD 22.1
2015-07-06;08:28;;08:51;;10:08;;1h 40m;5;GQD 22.1
2015-07-06;07:32;;07:54;;08:15;;43m;5;GQD 22.1
2015-07-06;07:32;;07:54;;08:15;;43m;5;ICV 20.3
2015-07-03;12:49;;12:55;;14:08;;1h 19m;5;DHO 23.4
2015-07-03;11:18;;11:32;;11:52;;34m;5;DHO 23.4
2015-07-03;09:15;;09:22;;10:38;;1h 23m;5;DHO 23.4
2015-07-03;12:49;;12:55;;14:08;;1h 19m;5;GQD 22.1
2015-07-03;11:18;;11:32;;11:52;;34m;5;GQD 22.1
2015-07-03;09:15;;09:22;;10:38;;1h 23m;5;GQD 22.1
2015-07-03;12:49;;12:55;;14:08;;1h 19m;5;ICV 20.3
2015-07-03;09:15;;09:22;;10:38;;1h 23m;5;ICV 20.3
2015-07-02;15:26;;15:38;;16:21;;55m;5;DHO 23.4
2015-07-02;15:26;;15:38;;16:21;;55m;5;GQD 22.1
2015-07-02;15:26;;15:38;;16:21;;55m;5;ICV 20.3
2015-06-29;14:45;;15:00;;15:28;;43m;5;DHO 23.4
2015-06-29;14:45;;15:00;;15:28;;43m;5;GQD 22.1
2015-06-29;14:45;;15:00;;15:28;;43m;5;ICV 20.3
2015-06-27;10:53;;11:09;;11:43;;50m;5;DHO 23.4
2015-06-27;10:53;;11:09;;11:43;;50m;5;GQD 22.1
2015-06-27;10:53;;11:09;;11:43;;50m;5;ICV 20.3
2015-06-25;08:05;;08:38;;13:40;;5h 35m;5;DHO 23.4
2015-06-25;08:05;;08:38;;13:40;;5h 35m;5;GQD 22.1
2015-06-25;08:05;;08:38;;13:40;;5h 35m;5;ICV 20.3
2015-06-24;15:15;;15:31;;16:16;;1h 1m;5;DHO 23.4
2015-06-24;15:15;;15:31;;16:16;;1h 1m;5;GQD 22.1
2015-06-24;15:15;;15:31;;16:16;;1h 1m;5;ICV 20.3
2015-06-23;12:13;;12:24;;12:59;;46m;3;DHO 23.4
2015-06-23;12:13;;12:24;;12:59;;46m;3;GQD 22.1
2015-06-22;07:35;;07:42;;08:06;;31m;4;GQD 22.1
2015-06-22;07:35;;07:42;;08:06;;31m;4;ICV 20.3
2015-06-21;09:40;;09:48;;11:36;;1h 56m;5;DHO 23.4
2015-06-21;09:40;;09:48;;11:36;;1h 56m;5;GQD 22.1
2015-06-21;09:40;;09:48;;11:36;;1h 56m;5;ICV 20.3
2015-06-20;06:27;;06:50;;08:48;;2h 21m;5;DHO 23.4
2015-06-20;06:27;;06:50;;08:48;;2h 21m;5;GQD 22.1
2015-06-20;06:27;;06:50;;08:48;;2h 21m;5;ICV 20.3
2015-06-19;09:20;;09:30;;11:16;;1h 56m;5;DHO 23.4
2015-06-19;09:20;;09:30;;11:16;;1h 56m;5;GQD 22.1
2015-06-19;09:20;;09:30;;11:16;;1h 56m;5;ICV 20.3
2015-06-15;10:25;;10:33;;11:27;;1h 2m;5;DHO 23.4
2015-06-13;15:57;;16:15;;16:38;;41m;4;DHO 23.4
2015-06-13;14:27;;14:41;;15:45;;1h 18m;5;DHO 23.4
2015-06-13;12:33;;12:53;;13:45;;1h 12m;5;DHO 23.4
2015-06-13;10:25;;10:32;;10:54;;29m;5;DHO 23.4
2015-06-13;09:40;;09:47;;10:25;D;45m;5;DHO 23.4
2015-06-13;06:21;;06:30;;06:50;;29m;4;DHO 23.4
2015-06-13;15:57;;16:15;;16:38;;41m;4;ICV 20.3
2015-06-13;14:27;;14:41;;15:45;;1h 18m;5;ICV 20.3
2015-06-13;12:33;;12:53;;13:45;;1h 12m;5;ICV 20.3
2015-06-13;09:40;;09:47;;10:25;D;45m;5;ICV 20.3
2015-06-13;07:18;;07:29;;08:54;;1h 36m;3;ICV 20.3
2015-06-13;06:21;;06:30;;06:50;;29m;4;ICV 20.3
2015-06-12;15:23;;15:40;;16:08;;45m;4;DHO 23.4
2015-06-12;15:23;;15:40;;16:08;;45m;4;ICV 20.3
2015-06-11;15:16;;15:24;;16:12;;56m;5;DHO 23.4
2015-06-11;14:33;;14:40;;15:16;D;43m;5;DHO 23.4
2015-06-11;11:58;;12:04;;12:44;;46m;5;DHO 23.4
2015-06-11;11:43;;11:45;;11:58;D;15m;5;DHO 23.4
2015-06-11;11:26;;11:40;;11:43;D;17m;5;DHO 23.4
2015-06-11;09:40;;09:43;;10:04;;24m;3;DHO 23.4
2015-06-11;08:50;;08:59;;09:40;D;50m;5;DHO 23.4
2015-06-11;15:16;;15:24;;16:12;;56m;5;ICV 20.3
2015-06-11;14:33;;14:40;;15:16;D;43m;5;ICV 20.3
2015-06-11;11:26;;11:40;;11:43;D;17m;5;ICV 20.3
2015-06-11;08:50;;08:59;;09:40;D;50m;5;ICV 20.3
2015-06-10;14:06;;14:23;;14:40;;34m;3;DHO 23.4
2015-06-10;12:35;;13:07;;14:03;;1h 28m;3;DHO 23.4
2015-06-05;09:25;;09:40;;10:10;;45m;3;DHO 23.4
2015-05-19;11:55;;12:02;;12:50;;55m;4;DHO 23.4
2015-05-19;11:55;;12:02;;12:50;;55m;4;GQD 22.1
2015-05-14;14:00;;14:10;;14:47;;47m;5;DHO 23.4
2015-05-14;14:00;;14:10;;14:47;;47m;5;GQD 22.1
2015-05-14;07:30;;07:34;;08:05;;35m;5;GQD 22.1
2015-05-14;14:00;;14:10;;14:47;;47m;5;ICV 20.3
2015-05-14;07:30;;07:34;;08:05;;35m;5;ICV 20.3
2015-05-13;11:06;;11:16;;11:53;;47m;5;DHO 23.4
2015-05-13;09:43;;10:00;;10:41;;58m;5;DHO 23.4
2015-05-13;11:06;;11:16;;11:53;;47m;5;GQD 22.1
2015-05-13;09:43;;10:00;;10:41;;58m;5;GQD 22.1
2015-05-13;11:06;;11:16;;11:53;;47m;5;ICV 20.3
2015-05-13;09:43;;10:00;;10:41;;58m;5;ICV 20.3
2015-05-12;11:48;;11:53;;12:31;;43m;5;DHO 23.4
2015-05-12;10:44;;10:48;;10:54;;10m;3;DHO 23.4
2015-05-12;11:48;;11:53;;12:31;;43m;5;GQD 22.1
2015-05-12;10:44;;10:48;;10:54;;10m;3;GQD 22.1
2015-05-10;12:47;;13:01;;13:43;;56m;5;DHO 23.4
2015-05-10;12:47;;13:01;;13:43;;56m;5;GQD 22.1
2015-05-09;08:01;;08:15;;08:56;;55m;5;DHO 23.4
2015-05-09;08:01;;08:15;;08:56;;55m;5;GQD 22.1
2015-05-09;08:01;;08:15;;08:56;;55m;5;ICV 20.3
2015-05-08;09:37;;09:42;;10:20;;43m;5;DHO 23.4
2015-05-08;09:37;;09:42;;10:20;;43m;5;GQD 22.1
2015-05-08;09:37;;09:42;;10:20;;43m;5;ICV 20.3
2015-05-07;15:21;;15:30;;16:01;;40m;3;DHO 23.4
2015-05-07;09:56;;10:06;;11:29;;1h 33m;5;DHO 23.4
2015-05-07;15:21;;15:30;;16:01;;40m;3;GQD 22.1
2015-05-07;09:56;;10:06;;11:29;;1h 33m;5;GQD 22.1
2015-05-07;15:21;;15:30;;16:01;;40m;3;ICV 20.3
2015-05-06;11:47;;11:58;;13:06;;1h 19m;5;DHO 23.4
2015-05-06;11:08;;11:19;;11:37;;29m;5;DHO 23.4
2015-05-06;11:47;;11:58;;13:06;;1h 19m;5;GQD 22.1
2015-05-06;11:08;;11:19;;11:37;;29m;5;GQD 22.1
2015-05-05;14:21;;14:36;;15:20;;59m;5;DHO 23.4
2015-05-05;13:46;;14:00;;14:21;D;35m;5;DHO 23.4
2015-05-05;12:32;;12:42;;12:49;;17m;4;DHO 23.4
2015-05-05;12:14;;12:20;;12:27;;13m;4;DHO 23.4
2015-05-05;11:56;;12:01;;12:14;;18m;4;DHO 23.4
2015-05-05;11:19;;11:41;;11:56;D;37m;5;DHO 23.4
2015-05-05;09:44;;10:03;;10:56;;1h 12m;5;DHO 23.4
2015-05-05;09:12;;09:21;;09:44;D;32m;5;DHO 23.4
2015-05-05;08:31;;08:41;;09:03;;32m;5;DHO 23.4
2015-05-05;08:22;;08:27;;08:31;D;9m;4;DHO 23.4
2015-05-05;07:58;;08:04;;08:17;;19m;5;DHO 23.4
2015-05-05;14:21;;14:36;;15:20;;59m;5;GQD 22.1
2015-05-05;13:46;;14:00;;14:21;D;35m;5;GQD 22.1
2015-05-05;09:44;;10:03;;10:56;;1h 12m;5;GQD 22.1
2015-05-05;09:12;;09:21;;09:44;D;32m;5;GQD 22.1
2015-05-05;08:31;;08:41;;09:03;;32m;5;GQD 22.1
2015-05-05;08:22;;08:27;;08:31;D;9m;4;GQD 22.1
2015-05-05;07:58;;08:04;;08:17;;19m;5;GQD 22.1
2015-05-05;06:55;;07:18;;07:34;;39m;4;GQD 22.1
2015-05-05;11:19;;11:41;;11:56;D;37m;5;ICV 20.3
2015-05-05;09:12;;09:21;;09:44;D;32m;5;ICV 20.3
2015-05-05;08:31;;08:41;;09:03;;32m;5;ICV 20.3
2015-05-05;08:22;;08:27;;08:31;D;9m;4;ICV 20.3
2015-05-05;07:58;;08:04;;08:17;;19m;5;ICV 20.3
2015-05-05;06:55;;07:18;;07:34;;39m;4;ICV 20.3
2015-05-04;10:23;;10:34;;11:10;;47m;5;DHO 23.4
2015-05-04;08:38;;08:55;;09:18;;40m;4;DHO 23.4
2015-05-04;10:23;;10:34;;11:10;;47m;5;GQD 22.1
2015-05-04;08:38;;08:55;;09:18;;40m;4;GQD 22.1
2015-04-24;08:42;;08:47;;09:14;;32m;4;DHO 23.4
2015-04-23;12:00;;12:08;;12:59;;59m;5;DHO 23.4
2015-04-23;09:00;;09:52;;12:00;D;3h;5;DHO 23.4
2015-04-23;12:00;;12:08;;12:59;;59m;5;GQD 22.1
2015-04-23;09:00;;09:52;;12:00;D;3h;5;GQD 22.1
2015-04-23;07:31;;07:50;;08:19;;48m;3;GQD 22.1
2015-04-23;07:31;;07:50;;08:19;;48m;3;ICV 20.3
2015-04-22;12:13;;12:18;;12:54;;41m;3;DHO 23.4
2015-04-22;08:33;;08:54;;09:57;;1h 24m;5;DHO 23.4
2015-04-22;07:59;;08:12;;08:33;D;34m;5;DHO 23.4
2015-04-22;12:13;;12:18;;12:54;;41m;3;GQD 22.1
2015-04-22;08:33;;08:54;;09:57;;1h 24m;5;GQD 22.1
2015-04-22;07:59;;08:12;;08:33;D;34m;5;GQD 22.1
2015-04-22;07:07;;07:12;;07:29;;22m;4;GQD 22.1
2015-04-22;12:13;;12:18;;12:54;;41m;3;ICV 20.3
2015-04-22;08:33;;08:54;;09:57;;1h 24m;5;ICV 20.3
2015-04-22;07:59;;08:12;;08:33;D;34m;5;ICV 20.3
2015-04-22;07:07;;07:12;;07:29;;22m;4;ICV 20.3
2015-04-21;16:58;;17:04;;17:22;;24m;5;DHO 23.4
2015-04-21;15:36;;15:48;;16:58;D;1h 22m;5;DHO 23.4
2015-04-21;11:50;;12:01;;13:10;;1h 20m;5;DHO 23.4
2015-04-21;10:17;;10:50;;11:50;D;1h 33m;5;DHO 23.4
2015-04-21;09:56;;10:04;;10:17;D;21m;5;DHO 23.4
2015-04-21;16:58;;17:04;;17:22;;24m;5;GQD 22.1
2015-04-21;15:36;;15:48;;16:58;D;1h 22m;5;GQD 22.1
2015-04-21;11:50;;12:01;;13:10;;1h 20m;5;GQD 22.1
2015-04-21;10:17;;10:50;;11:50;D;1h 33m;5;GQD 22.1
2015-04-21;09:56;;10:04;;10:17;D;21m;5;GQD 22.1
2015-04-21;16:58;;17:04;;17:22;;24m;5;ICV 20.3
2015-04-21;15:36;;15:48;;16:58;D;1h 22m;5;ICV 20.3
2015-04-21;11:50;;12:01;;13:10;;1h 20m;5;ICV 20.3
2015-04-21;10:17;;10:50;;11:50;D;1h 33m;5;ICV 20.3
2015-04-21;09:56;;10:04;;10:17;D;21m;5;ICV 20.3
2015-04-18;14:09;;14:23;;15:16;;1h 7m;5;DHO 23.4
2015-04-18;13:34;;13:40;;13:57;;23m;4;DHO 23.4
2015-04-18;14:09;;14:23;;15:16;;1h 7m;5;GQD 22.1
2015-04-18;13:34;;13:40;;13:57;;23m;4;GQD 22.1
2015-04-18;14:09;;14:23;;15:16;;1h 7m;5;ICV 20.3
2015-04-16;13:06;;13:09;;13:25;;19m;4;DHO 23.4
2015-04-16;11:17;;11:25;;11:43;;26m;4;DHO 23.4
2015-04-16;09:03;;09:10;;09:52;;49m;5;DHO 23.4
2015-04-16;11:17;;11:25;;11:43;;26m;4;GQD 22.1
2015-04-16;09:03;;09:10;;09:52;;49m;5;GQD 22.1
2015-04-16;09:03;;09:10;;09:52;;49m;5;ICV 20.3
2015-04-15;11:38;;11:48;;11:53;;15m;4;DHO 23.4
2015-04-15;11:38;;11:48;;11:53;;15m;4;GQD 22.1
2015-04-13;11:28;;11:40;;12:11;;43m;5;DHO 23.4
2015-04-13;10:08;;10:15;;10:31;;23m;5;DHO 23.4
2015-04-13;08:22;;08:33;;09:22;;1h;5;DHO 23.4
2015-04-13;11:28;;11:40;;12:11;;43m;5;GQD 22.1
2015-04-13;10:08;;10:15;;10:31;;23m;5;GQD 22.1
2015-04-13;08:22;;08:33;;09:22;;1h;5;GQD 22.1
2015-04-13;08:22;;08:33;;09:22;;1h;5;ICV 20.3
2015-04-12;09:17;;09:55;;13:06;;3h 49m;5;DHO 23.4
2015-04-12;08:13;;08:21;;08:53;;40m;5;DHO 23.4
2015-04-12;09:17;;09:55;;13:06;;3h 49m;5;GQD 22.1
2015-04-12;08:13;;08:21;;08:53;;40m;5;GQD 22.1
2015-04-12;09:17;;09:55;;13:06;;3h 49m;5;ICV 20.3
2015-04-12;08:13;;08:21;;08:53;;40m;5;ICV 20.3
2015-04-10;09:24;;09:59;;10:39;;1h 15m;5;DHO 23.4
2015-04-10;08:01;;08:07;;09:01;;1h;5;DHO 23.4
2015-04-10;09:24;;09:59;;10:39;;1h 15m;5;GQD 22.1
2015-04-10;08:01;;08:07;;09:01;;1h;5;GQD 22.1
2015-04-10;09:24;;09:59;;10:39;;1h 15m;5;ICV 20.3
2015-04-10;08:01;;08:07;;09:01;;1h;5;ICV 20.3
2015-04-08;14:40;;14:47;;15:53;;1h 13m;5;DHO 23.4
2015-04-08;14:40;;14:47;;15:53;;1h 13m;5;GQD 22.1
2015-04-08;14:40;;14:47;;15:53;;1h 13m;5;ICV 20.3
2015-03-30;12:45;;13:00;;13:38;;53m;5;DHO 23.4
2015-03-30;12:45;;13:00;;13:38;;53m;5;GQD 22.1
2015-03-29;13:18;;13:25;;13:41;;23m;4;DHO 23.4
2015-03-29;12:31;;12:38;;12:47;;16m;3;DHO 23.4
2015-03-29;12:03;;12:11;;12:28;;25m;3;DHO 23.4
2015-03-29;11:21;;11:35;;11:52;;31m;4;DHO 23.4
2015-03-29;10:37;;10:45;;11:04;;27m;4;DHO 23.4
2015-03-29;15:28;;15:36;;15:58;;30m;5;GQD 22.1
2015-03-29;13:18;;13:25;;13:41;;23m;4;GQD 22.1
2015-03-29;12:31;;12:38;;12:47;;16m;3;GQD 22.1
2015-03-29;12:03;;12:11;;12:28;;25m;3;GQD 22.1
2015-03-29;10:37;;10:45;;11:04;;27m;4;GQD 22.1
2015-03-29;15:28;;15:36;;15:58;;30m;5;ICV 20.3
2015-03-29;13:18;;13:25;;13:41;;23m;4;ICV 20.3
2015-03-29;12:31;;12:38;;12:47;;16m;3;ICV 20.3
2015-03-29;12:03;;12:11;;12:28;;25m;3;ICV 20.3
2015-03-29;10:37;;10:45;;11:04;;27m;4;ICV 20.3
2015-03-28;09:36;;09:45;;09:52;;16m;4;GQD 22.1
2015-03-25;08:26;;08:35;;08:42;;16m;3;DHO 23.4
2015-03-25;08:26;;08:35;;08:42;;16m;3;GQD 22.1
2015-03-25;08:26;;08:35;;08:42;;16m;3;ICV 20.3
2015-03-23;09:03;;09:13;;09:31;;28m;5;DHO 23.4
2015-03-23;09:03;;09:13;;09:31;;28m;5;GQD 22.1
2015-03-22;10:00;;10:08;;10:28;;28m;3;GQD 22.1
2015-03-22;09:16;;09:35;;09:53;;37m;3;GQD 22.1
2015-03-20;09:04;;09:32;;10:34;;1h 30m;4;GQD 22.1
2015-03-20;09:04;;09:32;;10:34;;1h 30m;4;ICV 20.3
2015-03-19;08:17;;08:25;;08:48;;31m;3;DHO 23.4
2015-03-19;08:17;;08:25;;08:48;;31m;3;GQD 22.1
2015-03-19;08:17;;08:25;;08:48;;31m;3;ICV 20.3
2015-03-18;12:54;;13:15;;13:42;;48m;3;DHO 23.4
2015-03-18;12:23;;12:31;;12:42;;19m;3;DHO 23.4
2015-03-18;10:16;;10:31;;11:18;;1h 2m;5;DHO 23.4
2015-03-18;09:43;;09:52;;10:03;;20m;3;DHO 23.4
2015-03-18;12:54;;13:15;;13:42;;48m;3;GQD 22.1
2015-03-18;12:23;;12:31;;12:42;;19m;3;GQD 22.1
2015-03-18;10:16;;10:31;;11:18;;1h 2m;5;GQD 22.1
2015-03-18;09:43;;09:52;;10:03;;20m;3;GQD 22.1
2015-03-18;10:16;;10:31;;11:18;;1h 2m;5;ICV 20.3
2015-03-18;09:43;;09:52;;10:03;;20m;3;ICV 20.3
2015-03-16;13:52;;13:56;;14:17;;25m;5;DHO 23.4
2015-03-16;10:40;;11:09;;12:24;;1h 44m;5;DHO 23.4
2015-03-16;09:40;;09:48;;10:10;;30m;5;DHO 23.4
2015-03-16;13:52;;13:56;;14:17;;25m;5;GQD 22.1
2015-03-16;10:40;;11:09;;12:24;;1h 44m;5;GQD 22.1
2015-03-16;09:40;;09:48;;10:10;;30m;5;GQD 22.1
2015-03-16;13:52;;13:56;;14:17;;25m;5;ICV 20.3
2015-03-16;10:40;;11:09;;12:24;;1h 44m;5;ICV 20.3
2015-03-15;11:30;;12:07;;13:21;;1h 51m;5;DHO 23.4
2015-03-15;09:35;;09:43;;10:36;;1h 1m;5;DHO 23.4
2015-03-15;11:30;;12:07;;13:21;;1h 51m;5;GQD 22.1
2015-03-15;09:35;;09:43;;10:36;;1h 1m;5;GQD 22.1
2015-03-15;09:35;;09:43;;10:36;;1h 1m;5;ICV 20.3
2015-03-14;13:23;;13:27;;13:37;;14m;3;DHO 23.4
2015-03-14;12:12;;12:19;;12:31;;19m;3;DHO 23.4
2015-03-14;11:49;D;11:59;;12:12;;23m;3;DHO 23.4
2015-03-14;13:23;;13:27;;13:37;;14m;3;GQD 22.1
2015-03-14;11:49;D;11:59;;12:12;;23m;3;GQD 22.1
2015-03-13;11:19;;11:29;;11:51;;32m;3;DHO 23.4
2015-03-13;11:19;;11:29;;11:51;;32m;3;GQD 22.1
2015-03-12;13:46;;14:13;;15:19;;1h 33m;5;DHO 23.4
2015-03-12;11:40;;11:53;;13:22;;1h 42m;5;DHO 23.4
2015-03-12;08:59;;09:14;;10:36;;1h 37m;5;DHO 23.4
2015-03-12;08:08;;08:21;;08:43;;35m;5;DHO 23.4
2015-03-12;13:46;;14:13;;15:19;;1h 33m;5;GQD 22.1
2015-03-12;11:40;;11:53;;13:22;;1h 42m;5;GQD 22.1
2015-03-12;08:59;;09:14;;10:36;;1h 37m;5;GQD 22.1
2015-03-12;08:08;;08:21;;08:43;;35m;5;GQD 22.1
2015-03-12;13:46;;14:13;;15:19;;1h 33m;5;ICV 20.3
2015-03-12;11:40;;11:53;;13:22;;1h 42m;5;ICV 20.3
2015-03-11;16:15;;16:26;;17:20;;1h 5m;5;DHO 23.4
2015-03-11;13:11;;13:16;;13:34;;23m;5;DHO 23.4
2015-03-11;11:21;;11:41;;13:07;;1h 46m;5;DHO 23.4
2015-03-11;09:23;;09:27;;09:44;;21m;3;DHO 23.4
2015-03-11;16:15;;16:26;;17:20;;1h 5m;5;GQD 22.1
2015-03-11;13:11;;13:16;;13:34;;23m;5;GQD 22.1
2015-03-11;11:21;;11:41;;13:07;;1h 46m;5;GQD 22.1
2015-03-11;09:23;;09:27;;09:44;;21m;3;GQD 22.1
2015-03-11;07:46;;07:59;;08:32;;46m;4;GQD 22.1
2015-03-11;07:28;;07:34;;07:46;;18m;3;GQD 22.1
2015-03-11;07:17;;07:21;;07:28;D;11m;3;GQD 22.1
2015-03-09;14:24;;14:42;;15:26;;1h 2m;5;DHO 23.4
2015-03-09;10:04;;10:12;;10:40;;36m;5;DHO 23.4
2015-03-09;14:24;;14:42;;15:26;;1h 2m;5;GQD 22.1
2015-03-09;10:04;;10:12;;10:40;;36m;5;GQD 22.1
2015-03-08;09:09;;09:27;;09:42;;33m;3;DHO 23.4
2015-03-08;09:09;;09:27;;09:42;;33m;3;GQD 22.1
2015-03-07;14:01;;14:26;;15:04;;1h 3m;3;DHO 23.4
2015-03-05;09:39;;09:50;;10:15;;36m;5;DHO 23.4
2015-03-05;09:39;;09:50;;10:15;;36m;5;GQD 22.1
2015-03-03;13:24;;13:36;;14:18;;54m;5;DHO 23.4
2015-03-03;08:50;;08:57;;09:06;;Duration;4;DHO 23.4
2015-03-03;13:24;;13:36;;14:18;;;5;GQD 22.1
2015-03-03;08:50;;08:57;;09:06;;16m;4;GQD 22.1
2015-03-03;13:24;;13:36;;14:18;;54m;5;ICV 20.3
2015-03-03;08:50;;08:57;;09:06;;16m;4;ICV 20.3
2015-03-02;15:11;;15:28;;16:08;;57m;5;DHO 23.4
2015-03-02;14:09;;14:14;;14:42;;33m;4;DHO 23.4
2015-03-02;12:49;;13:09;;13:28;;39m;5;DHO 23.4
2015-03-02;11:56;;12:01;;12:15;;19m;4;DHO 23.4
2015-03-02;11:25;;11:31;;11:41;;16m;4;DHO 23.4
2015-03-02;10:26;;10:38;;11:14;;48m;5;DHO 23.4
2015-03-02;09:35;;09:53;;10:26;D;51m;5;DHO 23.4
2015-03-02;09:13;;09:18;;09:34;;21m;5;DHO 23.4
2015-03-02;09:04;;09:06;;09:11;;7m;4;DHO 23.4
2015-03-02;08:39;;08:44;;08:54;;15m;5;DHO 23.4
2015-03-02;15:11;;15:28;;16:08;;57m;5;GQD 22.1
2015-03-02;12:49;;13:09;;13:28;;39m;5;GQD 22.1
2015-03-02;11:56;;12:01;;12:15;;19m;4;GQD 22.1
2015-03-02;11:25;;11:31;;11:41;;16m;4;GQD 22.1
2015-03-02;10:26;;10:38;;11:14;;48m;5;GQD 22.1
2015-03-02;09:35;;09:53;;10:26;D;51m;5;GQD 22.1
2015-03-02;09:13;;09:18;;09:34;;21m;5;GQD 22.1
2015-03-02;08:39;;08:44;;08:54;;15m;5;GQD 22.1
2015-03-02;15:11;;15:28;;16:08;;57m;5;ICV 20.3
2015-03-02;12:49;;13:09;;13:28;;39m;5;ICV 20.3
2015-03-02;11:56;;12:01;;12:15;;19m;4;ICV 20.3
2015-03-02;09:13;;09:18;;09:34;;21m;5;ICV 20.3
2015-03-02;08:39;;08:44;;08:54;;15m;5;ICV 20.3
2015-02-28;09:05;;09:51;;10:22;;1h 17m;5;DHO 23.4
2015-02-28;09:05;;09:51;;10:22;;1h 17m;5;GQD 22.1
2015-02-28;09:05;;09:51;;10:22;;1h 17m;5;ICV 20.3
2015-02-19;13:48;;14:05;;14:20;;32m;4;GQD 22.1
2015-02-11;12:01;;12:16;;12:31;;30m;4;GQD 22.1
2015-02-11;10:50;;11:03;;11:15;;25m;4;GQD 22.1
2015-02-10;10:51;;11:14;;11:40;;49m;3;DHO 23.4
2015-02-10;10:51;;11:14;;11:40;;49m;3;GQD 22.1
2015-02-09;08:17;;08:39;;08:50;;33m;3;DHO 23.4
2015-02-08;12:06;;12:20;;13:00;;54m;4;DHO 23.4
2015-02-08;11:33;;11:45;;12:06;;33m;4;DHO 23.4
2015-02-08;10:33;;11:03;;11:24;;51m;4;DHO 23.4
2015-02-08;09:40;;09:45;;10:02;;22m;3;DHO 23.4
2015-02-08;12:06;;12:20;;13:00;;54m;4;GQD 22.1
2015-02-08;11:33;;11:45;;12:06;;33m;4;GQD 22.1
2015-02-08;10:33;;11:03;;11:24;;51m;4;GQD 22.1
2015-02-08;09:40;;09:45;;10:02;;22m;3;GQD 22.1
2015-02-04;10:05;;10:13;;10:23;;18m;3;GBZ 19.6
2015-02-04;10:05;;10:13;;10:23;;18m;3;GQD 22.1
2015-02-04;10:05;;10:13;;10:23;;18m;3;ICV 20.3
2015-02-03;10:48;;10:53;;11:11;;23m;4;DHO 23.4
2015-02-03;09:39;;09:48;;10:00;;21m;3;DHO 23.4
2015-02-03;10:48;;10:53;;11:11;;23m;4;ICV 20.3
2015-01-30;12:13;;12:19;;13:09;;56m;5;DHO 23.4
2015-01-30;12:13;;12:19;;13:09;;56m;5;GQD 22.1
2015-01-30;12:13;;12:19;;13:09;;56m;5;ICV 20.3
2015-01-29;12:24;;12:28;;12:38;;14m;4;DHO 23.4
2015-01-29;11:35;;11:46;;12:21;;46m;5;DHO 23.4
2015-01-29;12:24;;12:28;;12:38;;14m;4;GQD 22.1
2015-01-29;11:35;;11:46;;12:21;;46m;5;GQD 22.1
2015-01-29;12:24;;12:28;;12:38;;14m;4;ICV 20.3
2015-01-29;11:35;;11:46;;12:21;;46m;5;ICV 20.3
2015-01-29;10:36;;10:44;;10:55;;19m;4;ICV 20.3
2015-01-29;09:52;;10:00;;10:12;;20m;5;ICV 20.3
2015-01-21;11:36;;11:44;;12:25;;49m;5;DHO 23.4
2015-01-21;10:41;;10:48;;11:17;;36m;5;DHO 23.4
2015-01-21;11:36;;11:44;;12:25;;49m;5;GQD 22.1
2015-01-21;10:41;;10:48;;11:17;;36m;5;GQD 22.1
2015-01-14;12:50;;13:01;;14:03;;1h 13m;5;DHO 23.4
2015-01-14;09:32;;09:46;;10:18;;46m;5;DHO 23.4
2015-01-14;12:50;;13:01;;14:03;;1h 13m;5;GQD 22.1
2015-01-14;09:32;;09:46;;10:18;;46m;5;GQD 22.1
2015-01-14;12:50;;13:01;;14:03;;1h 13m;5;ICV 20.3
2015-01-14;09:32;;09:46;;10:18;;46m;5;ICV 20.3
2015-01-12;12:49;;12:58;;13:14;;25m;5;DHO 23.4
2015-01-12;12:49;;12:58;;13:14;;25m;5;GQD 22.1
2015-01-12;12:49;;12:58;;13:14;;25m;5;ICV 20.3
2015-01-10;11:17;;11:31;;12:12;;55m;4;DHO 23.4
2015-01-10;08:34;;08:38;;08:51;;17m;3;DHO 23.4
2015-01-10;11:17;;11:31;;12:12;;55m;4;GQD 22.1
2015-01-08;11:35;;11:58;;12:30;;55m;3;DHO 23.4
2015-01-08;10:38;;10:49;;11:03;;25m;3;DHO 23.4
2015-01-08;08:27;;08:39;;09:08;;41m;3;DHO 23.4
2015-01-08;07:40;;08:00;;08:13;;33m;3;DHO 23.4
2015-01-08;11:35;;11:58;;12:30;;55m;3;GQD 22.1
2015-01-08;10:38;;10:49;;11:03;;25m;3;GQD 22.1
2015-01-08;07:40;;08:00;;08:13;;33m;3;ICV 20.3
2015-01-07;11:46;;11:54;;12:14;;28m;5;DHO 23.4
2015-01-07;11:46;;11:54;;12:14;;28m;5;GQD 22.1
2015-01-07;11:46;;11:54;;12:14;;28m;5;ICV 20.3
2015-01-06;11:45;;11:52;;12:22;;37m;5;DHO 23.4
2015-01-06;08:11;;08:38;;09:08;;57m;4;DHO 23.4
2015-01-06;08:11;;08:38;;09:08;;57m;4;GBZ 19.6
2015-01-06;08:11;;08:38;;09:08;;57m;4;GQD 22.1
2015-01-06;11:45;;11:52;;12:22;;37m;5;ICV 20.3
2015-01-03;09:45;;09:49;;09:59;;14m;4;DHO 23.4
2015-01-03;09:45;;09:49;;09:59;;14m;4;GQD 22.1
2015-01-03;09:45;;09:49;;09:59;;14m;4;ICV 20.3
2015-01-01;11:42;;11:56;;12:13;;31m;4;DHO 23.4
2015-01-01;11:42;;11:56;;12:13;;31m;4;GQD 22.1
2014-12-23;10:20;;11:04;;12:02;;1h 42m;5;DHO 23.4
2014-12-23;10:20;;11:04;;12:02;;1h 42m;5;GQD 22.1
2014-12-22;10:56;;11:16;;12:12;;1h 16m;5;DHO 23.4
2014-12-22;10:56;;11:16;;12:12;;1h 16m;5;GQD 22.1
2014-12-21;11:26;;12:09;;13:24;;1h 58m;5;DHO 23.4
2014-12-21;11:26;;12:09;;13:24;;1h 58m;5;GQD 22.1
2014-12-21;11:26;;12:09;;13:24;;1h 58m;5;ICV 20.3
2014-12-19;09:34;;09:51;;10:43;;1h 9m;5;DHO 23.4
2014-12-19;09:34;;09:51;;10:43;;1h 9m;5;GQD 22.1
2014-12-19;09:34;;09:51;;10:43;;1h 9m;5;ICV 20.3
2014-12-18;12:45;;12:53;;13:40;;55m;5;DHO 23.4
2014-12-18;12:45;;12:53;;13:40;;55m;5;GQD 22.1
2014-12-18;12:45;;12:53;;13:40;;55m;5;ICV 20.3
2014-12-16;11:35;;11:42;;12:21;;46m;5;DHO 23.4
2014-12-16;10:11;;10:20;;10:43;;32m;5;DHO 23.4
2014-12-16;11:35;;11:42;;12:21;;46m;5;GQD 22.1
2014-12-16;10:11;;10:20;;10:43;;32m;5;GQD 22.1
2014-12-16;11:35;;11:42;;12:21;;46m;5;ICV 20.3
2014-12-16;10:11;;10:20;;10:43;;32m;5;ICV 20.3
2014-12-13;13:03;;13:11;;13:35;;32m;5;DHO 23.4
2014-12-13;10:52;;11:01;;11:11;;19m;4;DHO 23.4
2014-12-13;10:05;;10:13;;10:37;;32m;5;DHO 23.4
2014-12-13;13:03;;13:11;;13:35;;32m;5;GQD 22.1
2014-12-13;10:52;;11:01;;11:11;;19m;4;GQD 22.1
2014-12-13;10:05;;10:13;;10:37;;32m;5;GQD 22.1
2014-12-13;13:03;;13:11;;13:35;;32m;5;ICV 20.3
2014-12-13;10:52;;11:01;;11:11;;19m;4;ICV 20.3
2014-12-13;10:05;;10:13;;10:37;;32m;5;ICV 20.3
2014-12-09;12:31;;12:37;;12:59;;28m;5;DHO 23.4
2014-12-09;10:19;;10:27;;10:56;;37m;4;DHO 23.4
2014-12-09;09:59;;10:11;;10:19;D;20m;4;DHO 23.4
2014-12-09;12:31;;12:37;;12:59;;28m;5;GQD 22.1
2014-12-09;10:19;;10:27;;10:56;;37m;4;GQD 22.1
2014-12-09;09:59;;10:11;;10:19;D;20m;4;GQD 22.1
2014-12-09;12:31;;12:37;;12:59;;28m;5;ICV 20.3
2014-12-09;10:19;;10:27;;10:56;;37m;4;ICV 20.3
2014-12-09;09:59;;10:11;;10:19;D;20m;4;ICV 20.3
2014-12-05;12:05;;12:26;;13:00;;55m;5;DHO 23.4
2014-12-05;12:05;;12:26;;13:00;;55m;5;GQD 22.1
2014-12-05;12:05;;12:26;;13:00;;55m;5;ICV 20.3
2014-12-04;08:40;;09:16;;10:08;;1h 28m;4;GQD 22.1
2014-12-04;08:13;;08:38;;08:56;;43m;4;GQD 22.1
2014-12-04;07:10;;07:59;;08:11;;1h 1m;4;GQD 22.1
2014-12-04;08:40;;09:16;;10:08;;1h 28m;4;ICV 20.3
2014-12-04;08:13;;08:38;;08:56;;43m;4;ICV 20.3
2014-12-04;07:10;;07:59;;08:11;;1h 1m;4;ICV 20.3
2014-12-03;13:24;;13:31;;13:44;;20m;4;GQD 22.1
2014-12-03;13:24;;13:31;;13:44;;20m;4;ICV 20.3
2014-12-02;13:38;;13:53;;14:14;;36m;3;GQD 22.1
2014-12-02;13:38;;13:53;;14:14;;36m;3;ICV 20.3
2014-11-29;10:00;;10:09;;10:32;;32m;4;DHO 23.4
2014-11-29;13:42;;13:48;;14:11;;29m;4;GQD 22.1
2014-11-29;10:00;;10:09;;10:32;;32m;4;GQD 22.1
2014-11-29;13:42;;13:48;;14:11;;29m;4;ICV 20.3
2014-11-29;10:00;;10:09;;10:32;;32m;4;ICV 20.3
2014-11-28;11:17;;11:25;;11:47;;30m;3;ICV 20.3
2014-11-27;10:54;;11:02;;11:35;;41m;5;DHO 23.4
2014-11-27;10:14;;10:24;;10:49;;35m;5;DHO 23.4
2014-11-27;09:34;;09:46;;10:02;;28m;5;DHO 23.4
2014-11-27;10:54;;11:02;;11:35;;41m;5;GQD 22.1
2014-11-27;10:14;;10:24;;10:49;;35m;5;GQD 22.1
2014-11-27;09:34;;09:46;;10:02;;28m;5;GQD 22.1
2014-11-27;10:54;;11:02;;11:35;;41m;5;ICV 20.3
2014-11-27;10:14;;10:24;;10:49;;35m;5;ICV 20.3
2014-11-27;09:34;;09:46;;10:02;;28m;5;ICV 20.3
2014-11-24;10:53;;11:07;;12:07;;1h 14m;5;DHO 23.4
2014-11-24;10:53;;11:07;;12:07;;1h 14m;5;GQD 22.1
2014-11-24;10:53;;11:07;;12:07;;1h 14m;5;ICV 20.3
2014-11-23;10:38;;10:55;;11:37;;59m;5;DHO 23.4
2014-11-23;10:38;;10:55;;11:37;;59m;5;GQD 22.1
2014-11-23;10:38;;10:55;;11:37;;59m;5;ICV 20.3
2014-11-17;08:46;;08:51;;09:02;;16m;3;ICV 20.3
2014-11-16;10:02;;10:08;;10:31;;29m;4;DHO 23.4
2014-11-16;10:02;;10:08;;10:31;;29m;4;ICV 20.3
2014-11-16;09:09;;09:14;;09:33;;24m;3;ICV 20.3
2014-11-15;11:43;;12:05;;13:26;;1h 43m;5;DHO 23.4
2014-11-15;11:43;;12:05;;13:26;;1h 43m;5;GQD 22.1
2014-11-15;11:43;;12:05;;13:26;;1h 43m;5;ICV 20.3
2014-11-12;10:29;E;10:50;;12:14;;1h 45m;5;DHO 23.4
2014-11-12;09:40;;09:56;;10:25;D;45m;5;DHO 23.4
2014-11-12;10:29;E;10:50;;12:14;;1h 45m;5;GQD 22.1
2014-11-12;09:40;;09:56;;10:25;D;45m;5;GQD 22.1
2014-11-12;10:29;E;10:50;;12:14;;1h 45m;5;ICV 20.3
2014-11-12;09:40;;09:56;;10:25;D;45m;5;ICV 20.3
2014-11-11;11:17;;11:26;;11:57;;40m;5;DHO 23.4
2014-11-11;11:17;;11:26;;11:57;;40m;5;GQD 22.1
2014-11-11;11:17;;11:26;;11:57;;40m;5;ICV 20.3
2014-11-10;12:29;;12:37;;13:08;;39m;5;DHO 23.4
2014-11-10;10:17;;10:24;;10:40;;23m;4;DHO 23.4
2014-11-10;12:29;;12:37;;13:08;;39m;5;GQD 22.1
2014-11-10;12:29;;12:37;;13:08;;39m;5;ICV 20.3
2014-11-07;12:04;;12:08;;12:27;;23m;4;DHO 23.4
2014-11-07;10:07;;10:27;;11:24;;1h 17m;5;DHO 23.4
2014-11-07;12:04;;12:08;;12:27;;23m;4;GQD 22.1
2014-11-07;10:07;;10:27;;11:24;;1h 17m;5;GQD 22.1
2014-11-07;12:04;;12:08;;12:27;;23m;4;ICV 20.3
2014-11-07;10:07;;10:27;;11:24;;1h 17m;5;ICV 20.3
2014-11-06;11:00;;11:16;;12:00;;1h;4;DHO 23.4
2014-11-06;11:00;;11:16;;12:00;;1h;4;GQD 22.1
2014-11-05;09:39;;10:08;;11:47;;2h 8m;5;DHO 23.4
2014-11-05;09:39;;10:08;;11:47;;2h 8m;5;GQD 22.1
2014-11-05;09:39;;10:08;;11:47;;2h 8m;5;ICV 20.3
2014-11-04;08:22;;09:07;;11:07;;2h 45m;5;DHO 23.4
2014-11-04;12:07;;12:24;;13:03;;56m;4;GQD 22.1
2014-11-04;08:22;;09:07;;11:07;;2h 45m;5;GQD 22.1
2014-11-04;08:22;;09:07;;11:07;;2h 45m;5;ICV 20.3
2014-11-03;11:27;;12:08;;13:35;;2h 8m;5;DHO 23.4
2014-11-03;11:27;;12:08;;13:35;;2h 8m;5;GQD 22.1
2014-11-03;11:27;;12:08;;13:35;;2h 8m;5;ICV 20.3
2014-11-01;09:21;;09:47;;11:59;;2h 38m;5;DHO 23.4
2014-11-01;13:45;;13:54;;14:27;;42m;4;GQD 22.1
2014-11-01;09:21;;09:47;;11:59;;2h 38m;5;GQD 22.1
2014-11-01;13:45;;13:54;;14:27;;42m;4;ICV 20.3
2014-11-01;09:21;;09:47;;11:59;;2h 38m;5;ICV 20.3
2014-10-30;15:28;;15:41;;16:09;;41m;5;DHO 23.4
2014-10-30;13:07;;13:16;;14:01;;54m;5;DHO 23.4
2014-10-30;12:39;;12:53;;13:07;D;28m;5;DHO 23.4
2014-10-30;15:28;;15:41;;16:09;;41m;5;GQD 22.1
2014-10-30;13:07;;13:16;;14:01;;54m;5;GQD 22.1
2014-10-30;12:39;;12:53;;13:07;D;28m;5;GQD 22.1
2014-10-29;14:13;;14:38;;15:11;;58m;5;DHO 23.4
2014-10-29;13:58;;14:02;;14:11;;13m;4;DHO 23.4
2014-10-29;09:56;;10:30;;13:07;;3h 11m;5;DHO 23.4
2014-10-29;08:11;;08:24;;09:14;;1h 3m;5;DHO 23.4
2014-10-29;14:13;;14:38;;15:11;;58m;5;GQD 22.1
2014-10-29;13:58;;14:02;;14:11;;13m;4;GQD 22.1
2014-10-29;09:56;;10:30;;13:07;;3h 11m;5;GQD 22.1
2014-10-29;08:11;;08:24;;09:14;;1h 3m;5;GQD 22.1
2014-10-28;13:56;;14:05;;14:49;;53m;5;DHO 23.4
2014-10-28;13:07;;13:13;;13:29;;22m;5;DHO 23.4
2014-10-28;12:47;;12:51;;13:01;;14m;5;DHO 23.4
2014-10-28;11:33;;11:40;;11:51;;18m;5;DHO 23.4
2014-10-28;11:03;;11:09;;11:25;;22m;5;DHO 23.4
2014-10-28;10:26;;10:30;;10:33;;7m;3;DHO 23.4
2014-10-28;09:38;;09:42;;09:49;;11m;4;DHO 23.4
2014-10-28;13:56;;14:05;;14:49;;53m;5;GQD 22.1
2014-10-28;13:07;;13:13;;13:29;;22m;5;GQD 22.1
2014-10-28;12:47;;12:51;;13:01;;14m;5;GQD 22.1
2014-10-28;11:33;;11:40;;11:51;;18m;5;GQD 22.1
2014-10-28;11:03;;11:09;;11:25;;22m;5;GQD 22.1
2014-10-28;10:26;;10:30;;10:33;;7m;3;GQD 22.1
2014-10-28;09:38;;09:42;;09:49;;11m;4;GQD 22.1
2014-10-27;14:12;;15:03;;16:11;;1h 59m;5;DHO 23.4
2014-10-27;08:56;;10:38;;13:15;;4h 19m;5;DHO 23.4
2014-10-27;14:12;;15:03;;16:11;;1h 59m;5;GQD 22.1
2014-10-27;08:56;;10:38;;13:15;;4h 19m;5;GQD 22.1
2014-10-26;13:05;;13:12;;13:52;;47m;5;DHO 23.4
2014-10-26;10:04;;10:54;;12:50;;2h 46m;5;DHO 23.4
2014-10-26;13:05;;13:12;;13:52;;47m;5;GQD 22.1
2014-10-26;10:04;;10:54;;12:50;;2h 46m;5;GQD 22.1
2014-10-26;13:05;;13:12;;13:52;;47m;5;ICV 20.3
2014-10-26;10:04;;10:54;;12:50;;2h 46m;5;ICV 20.3
2014-10-25;15:25;;15:47;;15:53;;28m;5;DHO 23.4
2014-10-25;15:02;;15:06;;15:15;;13m;4;DHO 23.4
2014-10-25;12:14;;12:21;;12:47;;33m;5;DHO 23.4
2014-10-25;09:42;;09:51;;10:11;;29m;5;DHO 23.4
2014-10-25;15:25;;15:47;;15:53;;28m;5;GQD 22.1
2014-10-25;15:02;;15:06;;15:15;;13m;4;GQD 22.1
2014-10-25;12:14;;12:21;;12:47;;33m;5;GQD 22.1
2014-10-25;09:42;;09:51;;10:11;;29m;5;GQD 22.1
2014-10-25;07:38;;07:45;;08:25;;47m;5;GQD 22.1
2014-10-25;15:25;;15:47;;15:53;;28m;5;ICV 20.3
2014-10-25;15:02;;15:06;;15:15;;13m;4;ICV 20.3
2014-10-25;12:14;;12:21;;12:47;;33m;5;ICV 20.3
2014-10-25;09:42;;09:51;;10:11;;29m;5;ICV 20.3
2014-10-24;14:50;;15:02;;15:27;;37m;4;GQD 22.1
2014-10-24;10:17;;10:41;;11:06;;49m;4;GQD 22.1
2014-10-24;07:36;;07:50;;08:51;;1h 15m;5;GQD 22.1
2014-10-24;14:50;;15:02;;15:27;;37m;4;ICV 20.3
2014-10-24;07:36;;07:50;;08:51;;1h 15m;5;ICV 20.3
2014-10-23;15:06;;15:19;;15:51;;45m;4;DHO 23.4
2014-10-23;09:46;;09:53;;11:27;;1h 41m;5;DHO 23.4
2014-10-23;09:46;;09:53;;11:27;;1h 41m;5;GQD 22.1
2014-10-23;09:46;;09:53;;11:27;;1h 41m;5;ICV 20.3
2014-10-22;16:59;;18:06;;18:22;;1h 23m;5;DHO 23.4
2014-10-22;15:53;;15:56;;16:46;;53m;4;DHO 23.4
2014-10-22;14:03;;14:45;;15:53;D;1h 50m;5;DHO 23.4
2014-10-22;12:02;;12:10;;12:25;;23m;5;DHO 23.4
2014-10-22;09:07;;09:16;;10:00;;53m;5;DHO 23.4
2014-10-22;15:53;;15:56;;16:46;;53m;4;GQD 22.1
2014-10-22;14:03;;14:45;;15:53;D;1h 50m;5;GQD 22.1
2014-10-22;12:02;;12:10;;12:25;;23m;5;GQD 22.1
2014-10-22;09:07;;09:16;;10:00;;53m;5;GQD 22.1
2014-10-22;16:59;;18:06;;18:22;;1h 23m;5;ICV 20.3
2014-10-22;15:53;;15:56;;16:46;;53m;4;ICV 20.3
2014-10-22;14:03;;14:45;;15:53;D;1h 50m;5;ICV 20.3
2014-10-22;12:02;;12:10;;12:25;;23m;5;ICV 20.3
2014-10-22;09:07;;09:16;;10:00;;53m;5;ICV 20.3
2014-10-21;13:36;;13:41;;14:19;;43m;5;DHO 23.4
2014-10-21;12:26;;12:32;;12:49;;23m;5;DHO 23.4
2014-10-21;10:50;;11:01;;11:48;;58m;5;DHO 23.4
2014-10-21;13:36;;13:41;;14:19;;43m;5;GQD 22.1
2014-10-21;12:26;;12:32;;12:49;;23m;5;GQD 22.1
2014-10-21;10:50;;11:01;;11:48;;58m;5;GQD 22.1
2014-10-21;13:36;;13:41;;14:19;;43m;5;ICV 20.3
2014-10-21;12:26;;12:32;;12:49;;23m;5;ICV 20.3
2014-10-21;10:50;;11:01;;11:48;;58m;5;ICV 20.3
2014-10-20;15:02;;15:25;;15:58;;56m;4;DHO 23.4
2014-10-20;11:21;;11:29;;11:53;;32m;5;DHO 23.4
2014-10-20;09:02;;09:19;;10:28;;1h 26m;5;DHO 23.4
2014-10-20;15:02;;15:25;;15:58;;56m;4;GQD 22.1
2014-10-20;11:21;;11:29;;11:53;;32m;5;GQD 22.1
2014-10-20;09:02;;09:19;;10:28;;1h 26m;5;GQD 22.1
2014-10-20;15:02;;15:25;;15:58;;56m;4;ICV 20.3
2014-10-20;11:21;;11:29;;11:53;;32m;5;ICV 20.3
2014-10-19;12:10;;12:19;;13:17;;1h 7m;5;DHO 23.4
2014-10-19;11:07;;11:25;;11:59;;52m;5;DHO 23.4
2014-10-19;12:10;;12:19;;13:17;;1h 7m;5;GQD 22.1
2014-10-19;11:07;;11:25;;11:59;;52m;5;GQD 22.1
2014-10-19;12:10;;12:19;;13:17;;1h 7m;5;ICV 20.3
2014-10-19;11:07;;11:25;;11:59;;52m;5;ICV 20.3
2014-10-18;13:03;;13:20;;13:50;;47m;5;GQD 22.1
2014-10-18;07:35;;08:05;;09:09;;1h 34m;5;GQD 22.1
2014-10-18;13:03;;13:20;;13:50;;47m;5;ICV 20.3
2014-10-18;07:35;;08:05;;09:09;;1h 34m;5;ICV 20.3
2014-10-17;12:46;;12:55;;13:48;;1h 2m;5;DHO 23.4
2014-10-17;12:46;;12:55;;13:48;;1h 2m;5;GQD 22.1
2014-10-17;12:46;;12:55;;13:48;;1h 2m;5;ICV 20.3
2014-10-16;12:59;;13:10;;14:28;;1h 29m;5;DHO 23.4
2014-10-16;08:46;;09:01;;10:28;;1h 42m;5;DHO 23.4
2014-10-16;12:59;;13:10;;14:28;;1h 29m;5;GQD 22.1
2014-10-16;08:46;;09:01;;10:28;;1h 42m;5;GQD 22.1
2014-10-16;07:32;;07:42;;08:05;;33m;5;GQD 22.1
2014-10-16;12:59;;13:10;;14:28;;1h 29m;5;ICV 20.3
2014-10-16;08:46;;09:01;;10:28;;1h 42m;5;ICV 20.3
2014-10-16;07:32;;07:42;;08:05;;33m;5;ICV 20.3
2014-10-10;09:22;;09:35;;10:22;;1h;5;DHO 23.4
2014-10-10;09:22;;09:35;;10:22;;1h;5;GQD 22.1
2014-10-10;09:22;;09:35;;10:22;;1h;5;ICV 20.3
2014-10-10;06:52;;07:05;;07:37;;45m;4;ICV 20.3
2014-10-10;05:07;;05:11;;05:16;;9m;3;ICV 20.3
2014-10-03;11:45;;11:51;;12:36;;51m;5;GQD 22.1
2014-10-03;10:43;;10:52;;11:04;;21m;4;GQD 22.1
2014-10-03;11:45;;11:51;;12:36;;51m;5;ICV 20.3
2014-10-03;10:43;;10:52;;11:04;;21m;4;ICV 20.3
2014-09-29;12:06;;12:23;;12:54;;48m;4;DHO 23.4
2014-09-29;10:56;;11:08;;11:39;;43m;3;DHO 23.4
2014-09-29;12:06;;12:23;;12:54;;48m;4;GQD 22.1
2014-09-29;10:56;;11:08;;11:39;;43m;3;GQD 22.1
2014-09-28;10:57;;11:13;;12:00;;1h 3m;4;GQD 22.1
2014-09-28;07:00;;07:16;;08:26;;1h 26m;5;GQD 22.1
2014-09-28;07:00;;07:16;;08:26;;1h 26m;5;ICV 20.3
2014-09-27;08:34;;08:41;;09:27;;53m;5;DHO 23.4
2014-09-27;06:30;;06:37;;06:52;;22m;3;DHO 23.4
2014-09-27;08:34;;08:41;;09:27;;53m;5;GQD 22.1
2014-09-27;08:34;;08:41;;09:27;;53m;5;ICV 20.3
2014-09-26;16:13;;16:22;;16:52;;39m;5;DHO 23.4
2014-09-26;13:53;;13:58;;14:17;;24m;4;DHO 23.4
2014-09-26;12:50;;12:56;;13:21;;31m;5;DHO 23.4
2014-09-26;16:13;;16:22;;16:52;;39m;5;GQD 22.1
2014-09-26;13:53;;13:58;;14:17;;24m;4;GQD 22.1
2014-09-26;12:50;;12:56;;13:21;;31m;5;GQD 22.1
2014-09-26;16:13;;16:22;;16:52;;39m;5;ICV 20.3
2014-09-26;13:53;;13:58;;14:17;;24m;4;ICV 20.3
2014-09-21;11:21;;12:05;;13:51;;2h 30m;5;DHO 23.4
2014-09-21;11:21;;12:05;;13:51;;2h 30m;5;GQD 22.1
2014-09-18;08:40;;08:45;;10:01;;1h 21m;5;DHO 23.4
2014-09-18;08:40;;08:45;;10:01;;1h 21m;5;GQD 22.1
2014-09-18;07:06;;07:14;;07:40;;34m;3;GQD 22.1
2014-09-14;14:10;;14:27;;14:54;;44m;3;GQD 22.1
2014-09-13;12:53;;12:56;;13:42;;49m;5;DHO 23.4
2014-09-13;12:53;;12:56;;13:42;;49m;5;GQD 22.1
2014-09-12;09:31;;09:53;;11:43;;2h 12m;5;DHO 23.4
2014-09-12;09:31;;09:53;;11:43;;2h 12m;5;GQD 22.1
2014-09-11;15:23;;15:33;;16:53;;1h 30m;5;DHO 23.4
2014-09-11;15:23;;15:33;;16:53;;1h 30m;5;GQD 22.1
2014-09-10;10:50;;11:07;;11:39;;49m;5;DHO 23.4
2014-09-10;10:50;;11:07;;11:39;;49m;5;GQD 22.1
2014-09-09;12:20;;12:29;;13:36;;1h 16m;5;DHO 23.4
2014-09-09;12:20;;12:29;;13:36;;1h 16m;5;GQD 22.1
2014-09-07;14:39;;14:48;;15:22;;43m;3;DHO 23.4
2014-09-07;12:05;;12:17;;13:02;;57m;4;DHO 23.4
2014-09-07;14:39;;14:48;;15:22;;43m;3;GQD 22.1
2014-09-07;12:05;;12:17;;13:02;;57m;4;GQD 22.1
2014-09-06;09:09;;09:18;;09:38;;29m;3;DHO 23.4
2014-09-06;08:02;;08:23;;09:04;;1h 2m;5;DHO 23.4
2014-09-06;09:09;;09:18;;09:38;;29m;3;GQD 22.1
2014-09-06;08:02;;08:23;;09:04;;1h 2m;5;GQD 22.1
2014-09-05;09:32;;09:38;;10:19;;47m;5;DHO 23.4
2014-09-05;09:32;;09:38;;10:19;;47m;5;GQD 22.1
2014-09-04;13:15;;13:32;;14:23;;1h 8m;5;DHO 23.4
2014-09-04;16:24;;16:41;;17:14;;50m;5;GQD 22.1
2014-09-03;13:17;;13:56;;15:56;;2h 39m;5;DHO 23.4
2014-08-31;15:28;;15:30;;15:58;;30m;5;DHO 23.4
2014-08-31;12:01;;12:15;;13:02;;1h 1m;5;DHO 23.4
2014-08-31;10:56;;11:28;;11:36;;40m;4;DHO 23.4
2014-08-28;12:38;;12:50;;13:02;;24m;4;DHO 23.4
2014-08-28;12:38;;12:50;;13:02;;24m;4;GQD 22.1
2014-08-26;12:49;;12:59;;13:19;;30m;3;DHO 23.4
2014-08-26;11:35;;11:46;;12:08;;33m;5;DHO 23.4
2014-08-26;09:24;;09:33;;09:50;;26m;5;DHO 23.4
2014-08-25;14:51;;15:14;;16:39;;1h 48m;5;DHO 23.4
2014-08-24;12:05;;12:28;;15:06;;3h 1m;5;DHO 23.4
2014-08-22;15:45;;15:53;;16:48;;1h 3m;5;DHO 23.4
2014-08-22;12:51;;13:07;;15:11;;2h 20m;5;DHO 23.4
2014-08-22;10:23;;10:38;;11:08;;45m;5;DHO 23.4
2014-08-22;09:09;;09:27;;10:10;;1h 1m;5;DHO 23.4
2014-08-22;08:31;;08:41;;09:09;D;38m;5;DHO 23.4
2014-08-22;06:22;;06:35;;06:52;D;30m;5;DHO 23.4
2014-08-21;13:21;;13:37;;15:30;;2h 9m;5;DHO 23.4
2014-08-20;12:40;;12:56;;14:02;;1h 22m;5;DHO 23.4
2014-08-16;09:15;;09:44;;09:54;;39m;5;DHO 23.4
2014-08-06;14:15;;14:18;;14:50;;35m;5;DHO 23.4
2014-08-06;11:29;;11:32;;12:08;;39m;4;DHO 23.4
2014-08-06;16:00;;16:02;;16:23;;23m;4;GQD 22.1
2014-08-06;14:15;;14:18;;14:50;;35m;5;GQD 22.1
2014-08-06;11:29;;11:32;;12:08;;39m;4;GQD 22.1
2014-08-01;17:58;;18:26;;18:58;;1h;5;DHO 23.4
2014-08-01;14:32;;15:01;;16:29;;1h 57m;5;DHO 23.4
2014-08-01;17:58;;18:26;;18:58;;1h;5;GQD 22.1
2014-08-01;14:32;;15:01;;16:29;;1h 57m;5;GQD 22.1
2014-08-01;11:36;;11:48;;12:27;;51m;5;GQD 22.1
2014-07-31;11:03;;11:17;;12:16;;1h 13m;5;DHO 23.4
2014-07-31;09:14;;09:31;;09:55;;41m;5;DHO 23.4
2014-07-31;15:12;;15:24;;16:01;;49m;5;GQD 22.1
2014-07-31;11:03;;11:17;;12:16;;1h 13m;5;GQD 22.1
2014-07-31;09:14;;09:31;;09:55;;41m;5;GQD 22.1
2014-07-30;16:04;;16:16;;17:13;;1h 9m;5;GBZ 19.6
2014-07-30;16:04;;16:16;;17:13;;1h 9m;5;GQD 22.1
2014-07-29;16:24;;16:35;;17:11;;47m;5;GQD 22.1
2014-07-13;08:47;;09:00;;10:03;;1h 16m;5;DHO 23.4
2014-07-13;08:47;;09:00;;10:03;;1h 16m;5;GQD 22.1
2014-07-12;14:04;;14:18;;15:00;;56m;5;DHO 23.4
2014-07-12;14:04;;14:18;;15:00;;56m;5;GQD 22.1
2014-07-08;16:09;;16:34;;18:21;;2h 12m;5;DHO 23.4
2014-07-08;08:51;;09:11;;10:37;;1h 46m;5;DHO 23.4
2014-07-08;16:09;;16:34;;18:21;;2h 12m;5;GQD 22.1
2014-07-08;08:51;;09:11;;10:37;;1h 46m;5;GQD 22.1
2014-07-06;08:10;;08:24;;09:10;;1h;3;GQD 22.1
2014-07-06;06:57;;07:02;;07:26;;29m;3;GQD 22.1
2014-07-04;14:30;;14:44;;15:26;;56m;5;DHO 23.4
2014-07-04;14:30;;14:44;;15:26;;56m;5;GQD 22.1
2014-07-01;11:00;;11:34;;12:57;;1h 57m;5;DHO 23.4
2014-07-01;10:04;;10:19;;10:59;D;55m;5;DHO 23.4
2014-07-01;09:02;;09:17;;09:39;;37m;3;DHO 23.4
2014-07-01;11:00;;11:34;;12:57;;1h 57m;5;GQD 22.1
2014-07-01;09:02;;09:17;;09:39;;37m;3;GQD 22.1
2014-07-01;07:07;;07:38;;08:41;;1h 34m;5;GQD 22.1
2014-06-30;13:05;;13:28;;14:28;;1h 23m;5;DHO 23.4
2014-06-30;13:05;;13:28;;14:28;;1h 23m;5;GQD 22.1
2014-06-29;11:38;;11:55;;13:08;;1h 30m;5;DHO 23.4
2014-06-29;11:38;;11:55;;13:08;;1h 30m;5;GQD 22.1
2014-06-26;09:12;;09:25;;10:01;;49m;3;DHO 23.4
2014-06-26;09:12;;09:25;;10:01;;49m;3;GQD 22.1
2014-06-21;11:11;;11:28;;12:07;;56m;3;DHO 23.4
2014-06-21;11:11;;11:28;;12:07;;56m;3;GQD 22.1
2014-06-20;10:55;;11:27;;12:36;;1h 41m;5;DHO 23.4
2014-06-20;10:55;;11:27;;12:36;;1h 41m;5;GQD 22.1
2014-06-17;08:16;;08:31;;09:15;;59m;4;GQD 22.1
2014-06-16;07:33;;07:42;;08:01;;28m;5;GQD 22.1
2014-06-16;07:33;;07:42;;08:01;;28m;5;ICV 20.3
2014-06-15;15:49;;16:01;;16:25;;36m;4;DHO 23.4
2014-06-15;12:28;;12:49;;13:18;;50m;3;DHO 23.4
2014-06-15;11:24;;11:40;;12:01;;37m;3;DHO 23.4
2014-06-15;07:49;;08:14;;09:07;;1h 18m;5;DHO 23.4
2014-06-15;06:03;;06:10;;06:45;;42m;5;DHO 23.4
2014-06-15;15:49;;16:01;;16:25;;36m;4;GQD 22.1
2014-06-15;15:15;;15:26;;15:39;;24m;3;GQD 22.1
2014-06-15;12:28;;12:49;;13:18;;50m;3;GQD 22.1
2014-06-15;11:24;;11:40;;12:01;;37m;3;GQD 22.1
2014-06-15;09:35;;09:48;;10:01;;26m;3;GQD 22.1
2014-06-15;07:49;;08:14;;09:07;;1h 18m;5;GQD 22.1
2014-06-15;06:03;;06:10;;06:45;;42m;5;GQD 22.1
2014-06-15;15:49;;16:01;;16:25;;36m;4;ICV 20.3
2014-06-15;15:15;;15:26;;15:39;;24m;3;ICV 20.3
2014-06-15;07:49;;08:14;;09:07;;1h 18m;5;ICV 20.3
2014-06-15;06:03;;06:10;;06:45;;42m;5;ICV 20.3
2014-06-14;10:49;;11:03;;11:23;;34m;3;DHO 23.4
2014-06-14;09:30;;10:03;;10:41;;1h 11m;4;DHO 23.4
2014-06-14;10:49;;11:03;;11:23;;34m;3;GQD 22.1
2014-06-14;09:30;;10:03;;10:41;;1h 11m;4;GQD 22.1
2014-06-14;09:30;;10:03;;10:41;;1h 11m;4;ICV 20.3
2014-06-13;12:39;;13:04;;13:45;;1h 6m;4;DHO 23.4
2014-06-13;10:41;;10:59;;11:48;;1h 7m;5;DHO 23.4
2014-06-13;09:14;;09:19;;09:40;;26m;5;DHO 23.4
2014-06-13;12:39;;13:04;;13:45;;1h 6m;4;GQD 22.1
2014-06-13;10:41;;10:59;;11:48;;1h 7m;5;GQD 22.1
2014-06-13;09:14;;09:19;;09:40;;26m;5;GQD 22.1
2014-06-13;07:50;;07:57;;08:56;;1h 6m;5;GQD 22.1
2014-06-13;12:39;;13:04;;13:45;;1h 6m;4;ICV 20.3
2014-06-13;10:41;;10:59;;11:48;;1h 7m;5;ICV 20.3
2014-06-13;09:14;;09:19;;09:40;;26m;5;ICV 20.3
2014-06-12;15:58;;16:09;;17:03;;1h 5m;5;DHO 23.4
2014-06-12;13:07;;13:23;;13:57;;50m;5;DHO 23.4
2014-06-12;10:16;;10:30;;11:30;;1h 14m;5;DHO 23.4
2014-06-12;09:29;;09:39;;10:14;D;45m;5;DHO 23.4
2014-06-12;18:04;;18:14;;18:54;;50m;4;GQD 22.1
2014-06-12;17:26;;17:38;;17:54;;28m;4;GQD 22.1
2014-06-12;15:58;;16:09;;17:03;;1h 5m;5;GQD 22.1
2014-06-12;13:07;;13:23;;13:57;;50m;5;GQD 22.1
2014-06-12;10:16;;10:30;;11:30;;1h 14m;5;GQD 22.1
2014-06-12;09:29;;09:39;;10:14;D;45m;5;GQD 22.1
2014-06-12;18:04;;18:14;;18:54;;50m;4;ICV 20.3
2014-06-12;17:26;;17:38;;17:54;;28m;4;ICV 20.3
2014-06-12;15:58;;16:09;;17:03;;1h 5m;5;ICV 20.3
2014-06-12;13:07;;13:23;;13:57;;50m;5;ICV 20.3
2014-06-12;10:16;;10:30;;11:30;;1h 14m;5;ICV 20.3
2014-06-12;09:29;;09:39;;10:14;D;45m;5;ICV 20.3
2014-06-11;09:00;;09:06;;10:07;;1h 7m;5;DHO 23.4
2014-06-11;07:58;;08:10;;08:48;;50m;5;DHO 23.4
2014-06-11;05:32;;05:36;;06:19;;47m;5;DHO 23.4
2014-06-11;09:00;;09:06;;10:07;;1h 7m;5;GQD 22.1
2014-06-11;07:58;;08:10;;08:48;;50m;5;GQD 22.1
2014-06-11;06:28;;06:37;;06:52;;24m;4;GQD 22.1
2014-06-11;05:32;;05:36;;06:19;;47m;5;GQD 22.1
2014-06-11;09:00;;09:06;;10:07;;1h 7m;5;ICV 20.3
2014-06-11;07:58;;08:10;;08:48;;50m;5;ICV 20.3
2014-06-11;06:28;;06:37;;06:52;;24m;4;ICV 20.3
2014-06-11;05:32;;05:36;;06:19;;47m;5;ICV 20.3
2014-06-10;12:39;;12:52;;13:55;;1h 16m;5;DHO 23.4
2014-06-10;11:39;;11:43;;12:26;;47m;5;DHO 23.4
2014-06-10;10:00;;10:18;;10:48;;48m;5;DHO 23.4
2014-06-10;09:19;;09:32;;10:02;;43m;5;DHO 23.4
2014-06-10;12:39;;12:52;;13:55;;1h 16m;5;GQD 22.1
2014-06-10;11:39;;11:43;;12:26;;47m;5;GQD 22.1
2014-06-10;10:00;;10:18;;10:48;;48m;5;GQD 22.1
2014-06-10;09:19;;09:32;;10:02;;43m;5;GQD 22.1
2014-06-10;08:18;;08:27;;08:54;;36m;5;GQD 22.1
2014-06-10;12:39;;12:52;;13:55;;1h 16m;5;ICV 20.3
2014-06-10;11:39;;11:43;;12:26;;47m;5;ICV 20.3
2014-06-10;10:00;;10:18;;10:48;;48m;5;ICV 20.3
2014-06-10;09:19;;09:32;;10:02;;43m;5;ICV 20.3
2014-06-10;08:18;;08:27;;08:54;;36m;5;ICV 20.3
2014-06-09;17:04;;17:15;;18:14;;1h 10m;5;DHO 23.4
2014-06-09;12:25;;12:36;;13:31;;1h 6m;5;DHO 23.4
2014-06-09;10:50;;11:14;;11:45;;55m;3;DHO 23.4
2014-06-09;09:13;;09:40;;10:17;;1h 4m;3;DHO 23.4
2014-06-09;08:15;;08:32;;08:50;;35m;3;DHO 23.4
2014-06-09;17:04;;17:15;;18:14;;1h 10m;5;GQD 22.1
2014-06-09;12:25;;12:36;;13:31;;1h 6m;5;GQD 22.1
2014-06-09;17:04;;17:15;;18:14;;1h 10m;5;ICV 20.3
2014-06-09;12:25;;12:36;;13:31;;1h 6m;5;ICV 20.3
2014-06-06;13:08;;13:13;;14:03;;55m;5;DHO 23.4
2014-06-06;13:08;;13:13;;14:03;;55m;5;GQD 22.1
2014-06-06;13:08;;13:13;;14:03;;55m;5;ICV 20.3
2014-05-27;14:11;;14:20;;14:55;;44m;5;DHO 23.4
2014-05-27;14:11;;14:20;;14:55;;44m;5;GBZ 19.6
2014-05-27;14:11;;14:20;;14:55;;44m;5;GQD 22.1
2014-05-27;14:11;;14:20;;14:55;;44m;5;ICV 20.3
2014-05-25;09:29;;09:40;;10:10;;41m;5;DHO 23.4
2014-05-16;07:00;;07:06;;07:53;;53m;5;GQD 22.1
2014-05-16;07:00;;07:06;;07:53;;53m;5;ICV 20.3
2014-05-15;12:42;;12:50;;13:07;;25m;4;DHO 23.4
2014-05-15;09:54;;10:05;;10:35;;41m;5;DHO 23.4
2014-05-15;09:17;;09:24;;09:54;;37m;4;DHO 23.4
2014-05-15;12:42;;12:50;;13:07;;25m;4;GQD 22.1
2014-05-15;09:54;;10:05;;10:35;;41m;5;GQD 22.1
2014-05-15;09:17;;09:24;;09:54;;37m;4;GQD 22.1
2014-05-15;06:44;;06:51;;07:05;;21m;3;GQD 22.1
2014-05-15;09:17;;09:24;;09:54;;37m;4;ICV 20.3
2014-05-15;06:44;;06:51;;07:05;;21m;3;ICV 20.3
2014-05-14;15:46;;15:54;;16:10;;24m;5;DHO 23.4
2014-05-14;13:57;E;14:28;;15:21;;1h 24m;5;DHO 23.4
2014-05-14;13:00;;13:28;;13:44;;44m;5;DHO 23.4
2014-05-14;08:49;;09:02;;09:25;;36m;5;DHO 23.4
2014-05-14;15:46;;15:54;;16:10;;24m;5;GQD 22.1
2014-05-14;13:57;E;14:28;;15:21;;1h 24m;5;GQD 22.1
2014-05-14;13:00;;13:28;;13:44;;44m;5;GQD 22.1
2014-05-14;08:49;;09:02;;09:25;;36m;5;GQD 22.1
2014-05-14;15:46;;15:54;;16:10;;24m;5;ICV 20.3
2014-05-14;13:57;E;14:28;;15:21;;1h 24m;5;ICV 20.3
2014-05-14;13:00;;13:28;;13:44;;44m;5;ICV 20.3
2014-05-10;06:55;;07:10;;08:01;;1h 6m;5;GBZ 19.6
2014-05-10;06:55;;07:10;;08:01;;1h 6m;5;GQD 22.1
2014-05-10;06:55;;07:10;;08:01;;1h 6m;5;ICV 20.3
2014-05-09;14:50;E;15:03;;15:42;;52m;5;DHO 23.4
2014-05-09;14:13;;14:28;;14:50;D;37m;4;DHO 23.4
2014-05-09;12:55;;13:06;;13:37;;42m;4;DHO 23.4
2014-05-09;11:16;;11:28;;11:51;;35m;3;DHO 23.4
2014-05-09;08:10;;08:25;;08:59;;49m;5;DHO 23.4
2014-05-09;14:50;E;15:03;;15:42;;52m;5;GQD 22.1
2014-05-09;14:13;;14:28;;14:50;D;37m;4;GQD 22.1
2014-05-09;12:55;;13:06;;13:37;;42m;4;GQD 22.1
2014-05-09;11:16;;11:28;;11:51;;35m;3;GQD 22.1
2014-05-09;08:10;;08:25;;08:59;;49m;5;GQD 22.1
2014-05-09;14:50;E;15:03;;15:42;;52m;5;ICV 20.3
2014-05-09;14:13;;14:28;;14:50;D;37m;4;ICV 20.3
2014-05-09;08:10;;08:25;;08:59;;49m;5;ICV 20.3
2014-05-08;10:09;E;10:25;;11:54;;1h 45m;5;DHO 23.4
2014-05-08;09:56;;10:05;;10:09;E;13m;5;DHO 23.4
2014-05-08;09:18;;09:32;;09:54;;36m;3;DHO 23.4
2014-05-08;10:09;E;10:25;;11:54;;1h 45m;5;GQD 22.1
2014-05-08;09:56;;10:05;;10:09;E;13m;5;GQD 22.1
2014-05-08;09:18;;09:32;;09:54;;36m;3;GQD 22.1
2014-05-08;10:09;E;10:25;;11:54;;1h 45m;5;ICV 20.3
2014-05-08;09:56;;10:05;;10:09;E;13m;5;ICV 20.3
2014-05-08;09:18;;09:32;;09:54;;36m;3;ICV 20.3
2014-05-07;16:05;;16:34;;17:54;;1h 49m;5;DHO 23.4
2014-05-07;16:05;;16:34;;17:54;;1h 49m;5;GQD 22.1
2014-05-07;16:05;;16:34;;17:54;;1h 49m;5;ICV 20.3
2014-05-06;08:18;;09:08;;10:27;;2h 9m;5;DHO 23.4
2014-05-06;08:18;;09:08;;10:27;;2h 9m;5;GQD 22.1
2014-05-06;08:18;;09:08;;10:27;;2h 9m;5;ICV 20.3
2014-05-04;12:22;;12:35;;13:27;;1h 5m;5;DHO 23.4
2014-05-04;12:00;;12:06;;12:16;;16m;3;DHO 23.4
2014-05-04;09:00;;09:08;;09:32;;32m;5;DHO 23.4
2014-05-04;12:22;;12:35;;13:27;;1h 5m;5;GQD 22.1
2014-05-04;12:00;;12:06;;12:16;;16m;3;GQD 22.1
2014-05-04;09:00;;09:08;;09:32;;32m;5;GQD 22.1
2014-05-04;09:00;;09:08;;09:32;;32m;5;ICV 20.3
2014-05-03;09:26;;09:30;;09:42;;16m;3;DHO 23.4
2014-05-03;09:26;;09:30;;09:42;;16m;3;GQD 22.1
2014-05-02;14:04;;14:16;;14:37;;33m;3;DHO 23.4
2014-05-02;09:19;;09:40;;10:48;;1h 29m;5;DHO 23.4
2014-05-02;14:04;;14:16;;14:37;;33m;3;GQD 22.1
2014-05-02;09:19;;09:40;;10:48;;1h 29m;5;GQD 22.1
2014-05-02;09:19;;09:40;;10:48;;1h 29m;5;ICV 20.3
2014-04-26;15:15;;15:29;;15:51;;36m;5;DHO 23.4
2014-04-26;15:15;;15:29;;15:51;;36m;5;GQD 22.1
2014-04-26;15:15;;15:29;;15:51;;36m;5;ICV 20.3
2014-04-25;11:55;;12:08;;12:54;;59m;5;DHO 23.4
2014-04-25;11:55;;12:08;;12:54;;59m;5;GQD 22.1
2014-04-24;10:05;;10:22;;10:48;;43m;5;DHO 23.4
2014-04-24;10:05;;10:22;;10:48;;43m;5;GQD 22.1
2014-04-24;10:05;;10:22;;10:48;;43m;5;ICV 20.3
2014-04-23;12:47;;13:09;;14:04;;1h 17m;5;DHO 23.4
2014-04-23;12:06;;12:15;;12:40;;34m;4;DHO 23.4
2014-04-23;08:38;;08:45;;08:58;;20m;3;DHO 23.4
2014-04-23;12:47;;13:09;;14:04;;1h 17m;5;GQD 22.1
2014-04-23;12:06;;12:15;;12:40;;34m;4;GQD 22.1
2014-04-23;08:38;;08:45;;08:58;;20m;3;GQD 22.1
2014-04-22;15:14;;15:17;;15:48;;34m;3;DHO 23.4
2014-04-22;11:31;;11:40;;12:33;;1h 2m;5;DHO 23.4
2014-04-22;09:35;;09:42;;09:52;;17m;3;DHO 23.4
2014-04-22;08:44;;08:52;;09:15;;31m;4;DHO 23.4
2014-04-22;08:00;;08:08;;08:20;;20m;3;DHO 23.4
2014-04-22;11:31;;11:40;;12:33;;1h 2m;5;GQD 22.1
2014-04-22;08:44;;08:52;;09:15;;31m;4;GQD 22.1
2014-04-22;08:00;;08:08;;08:20;;20m;3;GQD 22.1
2014-04-22;08:00;;08:08;;08:20;;20m;3;ICV 20.3
2014-04-20;13:35;;13:45;;14:02;;27m;3;DHO 23.4
2014-04-20;08:09;;08:18;;09:01;;52m;4;DHO 23.4
2014-04-20;13:35;;13:45;;14:02;;27m;3;GQD 22.1
2014-04-20;08:09;;08:18;;09:01;;52m;4;GQD 22.1
2014-04-20;08:09;;08:18;;09:01;;52m;4;ICV 20.3
2014-04-18;13:05;E;13:26;;14:34;;1h 29m;5;DHO 23.4
2014-04-18;12:35;;12:55;;13:05;D;30m;5;DHO 23.4
2014-04-18;08:06;;08:16;;08:57;;51m;4;DHO 23.4
2014-04-18;13:05;E;13:26;;14:34;;Duration;5;GQD 22.1
2014-04-18;12:35;;12:55;;13:05;D;;5;GQD 22.1
2014-04-18;08:06;;08:16;;08:57;;51m;4;GQD 22.1
2014-04-18;12:31;;13:05;;13:50;;1h 19m;5;ICV 20.3
2014-04-17;15:48;;16:00;;16:11;;23m;3;DHO 23.4
2014-04-17;11:41;;12:04;;12:46;;1h 5m;4;DHO 23.4
2014-04-17;11:41;;12:04;;12:46;;1h 5m;4;GQD 22.1
2014-04-16;12:42;;12:52;;13:50;;1h 8m;4;DHO 23.4
2014-04-16;08:35;;08:46;;09:16;;41m;4;DHO 23.4
2014-04-16;08:12;;08:19;;08:32;;20m;3;DHO 23.4
2014-04-16;12:42;;12:52;;13:50;;1h 8m;4;GQD 22.1
2014-04-16;08:35;;08:46;;09:16;;41m;4;GQD 22.1
2014-04-16;08:12;;08:19;;08:32;;20m;3;GQD 22.1
2014-04-16;08:35;;08:46;;09:16;;41m;4;ICV 20.3
2014-04-16;08:12;;08:19;;08:32;;20m;3;ICV 20.3
2014-04-14;12:20;;12:30;;12:50;;30m;4;DHO 23.4
2014-04-14;08:57;;09:18;;09:38;;41m;3;DHO 23.4
2014-04-14;12:20;;12:30;;12:50;;30m;4;GQD 22.1
2014-04-14;08:57;;09:18;;09:38;;41m;3;GQD 22.1
2014-04-14;07:47;;08:09;;08:43;;56m;4;GQD 22.1
2014-04-14;07:47;;08:09;;08:43;;56m;4;ICV 20.3
2014-04-12;14:30;;15:01;;15:26;;56m;4;DHO 23.4
2014-04-12;11:18;;11:27;;12:26;;1h 8m;5;DHO 23.4
2014-04-12;09:26;;09:34;;09:51;;25m;3;DHO 23.4
2014-04-12;14:30;;15:01;;15:26;;56m;4;GQD 22.1
2014-04-12;11:18;;11:27;;12:26;;1h 8m;5;GQD 22.1
2014-04-12;14:30;;15:01;;15:26;;56m;4;ICV 20.3
2014-04-07;13:23;;13:33;;14:35;;1h 12m;3;DHO 23.4
2014-04-05;10:43;;10:51;;11:12;;29m;3;DHO 23.4
2014-04-05;09:52;;10:01;;10:14;;22m;3;DHO 23.4
2014-04-05;10:43;;10:51;;11:12;;29m;3;GQD 22.1
2014-04-05;09:52;;10:01;;10:14;;22m;3;GQD 22.1
2014-04-05;10:43;;10:51;;11:12;;29m;3;ICV 20.3
2014-04-05;09:52;;10:01;;10:14;;22m;3;ICV 20.3
2014-04-04;14:48;;14:59;;15:32;;44m;5;DHO 23.4
2014-04-04;13:36;;13:49;;14:46;;1h 10m;5;DHO 23.4
2014-04-04;14:48;;14:59;;15:32;;44m;5;GQD 22.1
2014-04-04;13:36;;13:49;;14:46;;1h 10m;5;GQD 22.1
2014-04-04;14:48;;14:59;;15:32;;44m;5;ICV 20.3
2014-04-04;13:36;;13:49;;14:46;;1h 10m;5;ICV 20.3
2014-04-02;13:12;;14:13;;15:44;;2h 32m;5;DHO 23.4
2014-04-02;13:12;;14:13;;15:44;;2h 32m;5;GQD 22.1
2014-04-02;13:12;;14:13;;15:44;;2h 32m;5;ICV 20.3
2014-03-31;14:10;;14:17;;14:37;;27m;4;DHO 23.4
2014-03-31;08:00;;08:11;;09:04;;1h 4m;5;DHO 23.4
2014-03-31;14:10;;14:17;;14:37;;27m;4;GQD 22.1
2014-03-31;08:00;;08:11;;09:04;;1h 4m;5;GQD 22.1
2014-03-31;14:10;;14:17;;14:37;;27m;4;ICV 20.3
2014-03-30;11:44;;12:00;;12:49;;1h 5m;5;DHO 23.4
2014-03-30;11:44;;12:00;;12:49;;1h 5m;5;GQD 22.1
2014-03-30;11:44;;12:00;;12:49;;1h 5m;5;ICV 20.3
2014-03-29;14:28;;14:35;;14:44;;16m;4;DHO 23.4
2014-03-29;14:28;;14:35;;14:44;;16m;4;GQD 22.1
2014-03-29;14:28;;14:35;;14:44;;16m;4;ICV 20.3
2014-03-23;08:41;;09:00;;09:16;;35m;4;DHO 23.4
2014-03-23;08:41;;09:00;;09:16;;35m;4;ICV 20.3
2014-03-20;08:34;;08:39;;08:48;;14m;4;DHO 23.4
2014-03-20;08:34;;08:39;;08:48;;14m;4;GQD 22.1
2014-03-20;08:34;;08:39;;08:48;;14m;4;ICV 20.3
2014-03-19;12:49;;12:55;;13:15;;26m;5;DHO 23.4
2014-03-19;11:20;;11:31;;12:04;;44m;5;DHO 23.4
2014-03-19;12:49;;12:55;;13:15;;26m;5;GQD 22.1
2014-03-19;11:20;;11:31;;12:04;;44m;5;GQD 22.1
2014-03-19;12:49;;12:55;;13:15;;26m;5;ICV 20.3
2014-03-19;11:20;;11:31;;12:04;;44m;5;ICV 20.3
2014-03-15;09:24;;09:37;;10:11;;47m;5;DHO 23.4
2014-03-15;09:24;;09:37;;10:11;;47m;5;GQD 22.1
2014-03-15;09:24;;09:37;;10:11;;47m;5;HWU 21.8 21.8
2014-03-15;09:24;;09:37;;10:11;;47m;5;ICV 20.3
2014-03-13;09:24;;09:28;;09:39;;15m;5;DHO 23.4
2014-03-13;09:24;;09:28;;09:39;;15m;5;GBZ 19.6
2014-03-13;09:24;;09:28;;09:39;;15m;5;GQD 22.1
2014-03-13;09:24;;09:28;;09:39;;15m;5;ICV 20.3
2014-03-12;10:57;;11:09;;12:15;;1h 18m;5;DHO 23.4
2014-03-12;10:57;;11:09;;12:15;;1h 18m;5;GBZ 19.6
2014-03-12;10:57;;11:09;;12:15;;1h 18m;5;GQD 22.1
2014-03-12;10:57;;11:09;;12:15;;1h 18m;5;HWU 21.8
2014-03-12;10:57;;11:09;;12:15;;1h 18m;5;ICV 20.3
2014-03-11;11:57;;12:10;;13:19;;1h 22m;5;DHO 23.4
2014-03-11;10:05;;10:17;;10:31;;26m;5;DHO 23.4
2014-03-11;08:52;;09:11;;09:37;;45m;5;DHO 23.4
2014-03-11;08:52;;09:11;;09:37;;45m;5;GBZ 19.6
2014-03-11;11:57;;12:10;;13:19;;1h 22m;5;GQD 22.1
2014-03-11;10:05;;10:17;;10:31;;26m;5;GQD 22.1
2014-03-11;08:52;;09:11;;09:37;;45m;5;GQD 22.1
2014-03-11;16:09;;16:25;;17:00;;51m;3;ICV 20.3
2014-03-11;11:57;;12:10;;13:19;;1h 22m;5;ICV 20.3
2014-03-11;10:05;;10:17;;10:31;;26m;5;ICV 20.3
2014-03-11;08:52;;09:11;;09:37;;45m;5;ICV 20.3
2014-03-10;15:24;;15:29;;15:42;;18m;5;DHO 23.4
2014-03-10;11:29;;11:42;;12:10;;41m;5;DHO 23.4
2014-03-10;10:32;;10:44;;11:23;;51m;5;DHO 23.4
2014-03-10;09:15;;09:23;;09:31;;16m;5;DHO 23.4
2014-03-10;15:24;;15:29;;15:42;;18m;5;GBZ 19.6
2014-03-10;15:24;;15:29;;15:42;;18m;5;GQD 22.1
2014-03-10;11:29;;11:42;;12:10;;41m;5;GQD 22.1
2014-03-10;10:32;;10:44;;11:23;;51m;5;GQD 22.1
2014-03-10;15:24;;15:29;;15:42;;18m;5;ICV 20.3
2014-03-10;11:29;;11:42;;12:10;;41m;5;ICV 20.3
2014-03-10;09:15;;09:23;;09:31;;16m;5;ICV 20.3
2014-03-09;14:35;;14:42;;14:57;;22m;5;DHO 23.4
2014-03-09;13:52;;14:00;;14:15;;23m;5;DHO 23.4
2014-03-09;13:28;;13:32;;13:47;;19m;5;DHO 23.4
2014-03-09;08:35;;08:42;;08:52;;17m;5;DHO 23.4
2014-03-09;14:35;;14:42;;14:57;;22m;5;GBZ 19.6
2014-03-09;13:52;;14:00;;14:15;;23m;5;GBZ 19.6
2014-03-09;13:28;;13:32;;13:47;;19m;5;GBZ 19.6
2014-03-09;08:35;;08:42;;08:52;;17m;5;GBZ 19.6
2014-03-09;14:35;;14:42;;14:57;;22m;5;GQD 22.1
2014-03-09;13:52;;14:00;;14:15;;23m;5;GQD 22.1
2014-03-09;13:28;;13:32;;13:47;;19m;5;GQD 22.1
2014-03-09;08:35;;08:42;;08:52;;17m;5;GQD 22.1
2014-03-09;14:35;;14:42;;14:57;;22m;5;ICV 20.3
2014-03-09;13:52;;14:00;;14:15;;23m;5;ICV 20.3
2014-03-09;13:28;;13:32;;13:47;;19m;5;ICV 20.3
2014-03-09;08:35;;08:42;;08:52;;17m;5;ICV 20.3